taxon,taxon_corrected,kingdom,sessile,taxon_revised,taxon_lumped,taxon_lumped2,taxon_lumped3,non.alga.flag,motile_sessile,Notes
Acmaea mitra,Acmaea mitra,Animal,motile,Acmaea mitra,Acmaea mitra,Acmaea mitra,Acmaea mitra,Animal,motile,NA
Acrochaetium sp.,Acrochaetium sp.,Algae,sessile,Acrochaetium sp.,Acrochaetium sp.,Acrochaetium sp.,Acrochaetium sp.,Algae,sessile,NA
Acrosiphonia arcta,Acrosiphonia arcta,Algae,sessile,Acrosiphonia arcta,Acrosiphonia,Acrosiphonia,Acrosiphonia,Algae,sessile,NA
Acrosiphonia coalita,Acrosiphonia coalita,Algae,sessile,Acrosiphonia coalita,Acrosiphonia,Acrosiphonia,Acrosiphonia,Algae,sessile,NA
Acrosiphonia,Acrosiphonia spp.,Algae,sessile,Acrosiphonia spp.,Acrosiphonia,Acrosiphonia,Acrosiphonia,Algae,sessile,NA
Acrosiphonia sp.,Acrosiphonia spp.,Algae,sessile,Acrosiphonia spp.,Acrosiphonia,Acrosiphonia,Acrosiphonia,Algae,sessile,NA
Acrosiphonia spp.,Acrosiphonia spp.,Algae,sessile,Acrosiphonia spp.,Acrosiphonia,Acrosiphonia,Acrosiphonia,Algae,sessile,NA
Acrosiphonia combined,Acrosiphonia spp.,Algae,sessile,Acrosiphonia spp.,Acrosiphonia,Acrosiphonia,Acrosiphonia,Algae,sessile,NA
Ahnfeltia fastigiata,Ahnfeltia fastigiata,Algae,sessile,Ahnfeltia fastigiata,Ahnfeltia fastigiata,Ahnfeltia fastigiata,Ahnfeltia fastigiata,Algae,sessile,NA
Alaria,Alaria marginata,Algae,sessile,Alaria marginata,Alaria marginata,Alaria marginata,Alaria marginata,Algae,sessile,NA
Alaria marginata,Alaria marginata,Algae,sessile,Alaria marginata,Alaria marginata,Alaria marginata,Alaria marginata,Algae,sessile,NA
Amphipoda,Amphipoda,Animal,motile,Amphipoda,Amphipoda,Amphipoda,Amphipoda,Animal,motile,NA
Amphiporus,Amphiporus,Animal,motile,Amphiporus,Amphiporus,Nemertea,Nemertea,Animal,motile,NA
Cf. Amphissa columbiana,Amphissa sp.,Animal,motile,Amphissa sp.,Amphissa sp.,Amphissa sp.,Amphissa sp.,Animal,motile,NA
Analipus japonicus,Analipus japonicus,Algae,sessile,Analipus japonicus,Analipus japonicus,Analipus japonicus,Analipus japonicus,Algae,sessile,NA
Anemone,Anemone,Animal,sessile,Anemone,Anemone,Anemone,Anemone,Animal,sessile,NA
"Anemone, unknown",Anemone,Animal,sessile,Anemone,Anemone,Anemone,Anemone,Animal,sessile,NA
Anthopleura elegantisima,Anthopleura elegantissima,Animal,sessile,Anthopleura elegantissima,Anthopleura sp.,Anemone,Anemone,Animal,sessile,NA
Anthopleura elegantissima,Anthopleura elegantissima,Animal,sessile,Anthopleura elegantissima,Anthopleura sp.,Anemone,Anemone,Animal,sessile,NA
Anthopleura,Anthopleura sp.,Animal,sessile,Anthopleura sp.,Anthopleura sp.,Anemone,Anemone,Animal,sessile,NA
Anthopleura xanthagrammica,Anthopleura xanthogrammica,Animal,sessile,Anthopleura xanthogrammica,Anthopleura sp.,Anemone,Anemone,Animal,sessile,NA
Anthopleura xanthgrammica,Anthopleura xanthogrammica,Animal,sessile,Anthopleura xanthogrammica,Anthopleura sp.,Anemone,Anemone,Animal,sessile,NA
Anthopleura xanthogrammica,Anthopleura xanthogrammica,Animal,sessile,Anthopleura xanthogrammica,Anthopleura sp.,Anemone,Anemone,Animal,sessile,NA
Anthopleura zanthogrammica,Anthopleura xanthogrammica,Animal,sessile,Anthopleura xanthogrammica,Anthopleura sp.,Anemone,Anemone,Animal,sessile,NA
Antithamnion defectum,Antithamnion defectum,Algae,sessile,Antithamnion defectum,Antithamnion defectum,Antithamnion defectum,Antithamnion defectum,Algae,sessile,NA
Antithamnionella floccosa,Antithamnionella spp.,Algae,sessile,Antithamnionella spp.,Antithamnionella spp.,Antithamnionella spp.,Antithamnionella spp.,Algae,sessile,NA
Antithamnionella pacifica,Antithamnionella spp.,Algae,sessile,Antithamnionella spp.,Antithamnionella spp.,Antithamnionella spp.,Antithamnionella spp.,Algae,sessile,NA
articulated coralline,articulated coralline,Algae,sessile,articulated coralline,articulated coralline,articulated coralline,articulated coralline,Algae,sessile,NA
Balanus glandula,Balanus glandula,Animal,sessile,Balanus glandula,Barnacles,Barnacles,Barnacles,Animal,sessile,NA
Balanus,Balanus sp.,Animal,sessile,Balanus sp.,Barnacles,Barnacles,Barnacles,Animal,sessile,NA
Bangia,Bangia sp.,Algae,sessile,Bangia sp.,Bangia sp.,Bangia sp.,Bangia sp.,Algae,sessile,NA
Bangia sp.,Bangia sp.,Algae,sessile,Bangia sp.,Bangia sp.,Bangia sp.,Bangia sp.,Algae,sessile,NA
bare rock,bare rock,Substratum,NA,bare rock,Bare rock,Bare rock,Bare rock,Substratum,NA,NA
Bare rock,bare rock,Substratum,NA,bare rock,Bare rock,Bare rock,Bare rock,Substratum,NA,NA
Bare Rock,bare rock,Substratum,NA,bare rock,Bare rock,Bare rock,Bare rock,Substratum,NA,NA
BARE ROCK,bare rock,Substratum,NA,bare rock,Bare rock,Bare rock,Bare rock,Substratum,NA,NA
BARE ROCK / SUBSTRATE,bare rock,Substratum,NA,bare rock,Bare rock,Bare rock,Bare rock,Substratum,NA,NA
BARE SAND,bare rock,Substratum,NA,bare rock,Bare rock,Bare rock,Bare rock,Substratum,NA,NA
Barnacle,Barnacle,Animal,sessile,Barnacle,Barnacles,Barnacles,Barnacles,Animal,sessile,NA
Barnacle sp.,Barnacle,Animal,sessile,Barnacle,Barnacles,Barnacles,Barnacles,Animal,sessile,NA
Barnacles,Barnacle,Animal,sessile,Barnacle,Barnacles,Barnacles,Barnacles,Animal,sessile,NA
Bittium?,Bittium,Animal,motile,Bittium,Bittium,Bittium,Snail,Animal,motile,NA
Black spots on Fucus,Black spots on Fucus,Algae,sessile,Black spots on Fucus,Black spots on Fucus,Black spots on Fucus,Black spots on Fucus,Algae,sessile,"unknown what this is, but we consider it a filament (see functional_groups.csv)"
Blenny,Blenny,Animal,motile,Blenny,Blenny,Blenny,Fish,Animal,motile,NA
Blidingia dawsonii,Blidingia dawsonii,Algae,sessile,Blidingia dawsonii,Blidingia,Blidingia,Blidingia,Algae,sessile,NA
Blidingia minima,Blidingia minima,Algae,sessile,Blidingia minima,Blidingia,Blidingia,Blidingia,Algae,sessile,NA
Blidingia sp.,Blidingia sp.,Algae,sessile,Blidingia sp.,Blidingia,Blidingia,Blidingia,Algae,sessile,NA
Bossiella californica,Bossiella californica,Algae,sessile,Bossiella californica,Bossiella articulate,Bossiella articulate,Bossiella articulate,Algae,sessile,NA
Bossiella dichotoma,Bossiella dichotoma,Algae,sessile,Bossiella dichotoma,Bossiella articulate,Bossiella articulate,Bossiella articulate,Algae,sessile,NA
Bossiella exarticulata,Bossiella exarticulata / mayae,Algae,sessile,Bossiella exarticulata / mayae,Bossiella crust,Bossiella crust,coralline crust,Algae,sessile,NA
Bossiella mayae,Bossiella exarticulata / mayae,Algae,sessile,Bossiella exarticulata / mayae,Bossiella crust,Bossiella crust,coralline crust,Algae,sessile,NA
Bossiella exarticulata / mayae,Bossiella exarticulata / mayae,Algae,sessile,Bossiella exarticulata / mayae,Bossiella crust,Bossiella crust,coralline crust,Algae,sessile,NA
Bossiella mayae/exarticulata,Bossiella exarticulata / mayae,Algae,sessile,Bossiella exarticulata / mayae,Bossiella crust,Bossiella crust,coralline crust,Algae,sessile,NA
Pseudolithophyllum whidbeyense,Bossiella exarticulata / mayae,Algae,sessile,Bossiella exarticulata / mayae,Bossiella crust,Bossiella crust,coralline crust,Algae,sessile,NA
Bossiella flexulosa,Bossiella flexuosa,Algae,sessile,Bossiella flexuosa,Bossiella articulate,Bossiella articulate,Bossiella articulate,Algae,sessile,NA
Bosiella frondescens,Bossiella frondescens,Algae,sessile,Bossiella frondescens,Bossiella articulate,Bossiella articulate,Bossiella articulate,Algae,sessile,NA
Bossiella frondenscens,Bossiella frondescens,Algae,sessile,Bossiella frondescens,Bossiella articulate,Bossiella articulate,Bossiella articulate,Algae,sessile,NA
Bossiella frondescens,Bossiella frondescens,Algae,sessile,Bossiella frondescens,Bossiella articulate,Bossiella articulate,Bossiella articulate,Algae,sessile,NA
Bossiella sp.4 chiloensis,Bossiella frondescens,Algae,sessile,Bossiella frondescens,Bossiella articulate,Bossiella articulate,Bossiella articulate,Algae,sessile,NA
Corallina frondescens,Bossiella frondescens,Algae,sessile,Bossiella frondescens,Bossiella articulate,Bossiella articulate,Bossiella articulate,Algae,sessile,NA
Bossiella frondifera,Bossiella frondifera,Algae,sessile,Bossiella frondifera,Bossiella articulate,Bossiella articulate,Bossiella articulate,Algae,sessile,NA
Bossiella hakaiensis,Bossiella hakaiensis,Algae,sessile,Bossiella hakaiensis,Bossiella articulate,Bossiella articulate,Bossiella articulate,Algae,sessile,NA
Bossiella manzae,Bossiella manzae,Algae,sessile,Bossiella manzae,Bossiella articulate,Bossiella articulate,Bossiella articulate,Algae,sessile,NA
Bossiella plumosa,Bossiella plumosa,Algae,sessile,Bossiella plumosa,Bossiella articulate,Bossiella articulate,Bossiella articulate,Algae,sessile,NA
Bossiella plumosa?,Bossiella plumosa,Algae,sessile,Bossiella plumosa,Bossiella articulate,Bossiella articulate,Bossiella articulate,Algae,sessile,NA
Bossiella reptans,Bossiella reptans,Algae,sessile,Bossiella reptans,Bossiella articulate,Bossiella articulate,Bossiella articulate,Algae,sessile,NA
Bossiella,Bossiella sp.,Algae,sessile,Bossiella sp.,Bossiella articulate,Bossiella articulate,Bossiella articulate,Algae,sessile,NA
Bossiella sp.,Bossiella sp.,Algae,sessile,Bossiella sp.,Bossiella articulate,Bossiella articulate,Bossiella articulate,Algae,sessile,NA
Bossiella chiloensis sp.1,Bossiella sp.1 chiloensis,Algae,sessile,Bossiella sp.1 chiloensis,Bossiella articulate,Bossiella articulate,Bossiella articulate,Algae,sessile,NA
Bossiella chiloensis 1,Bossiella sp.1 chiloensis,Algae,sessile,Bossiella sp.1 chiloensis,Bossiella articulate,Bossiella articulate,Bossiella articulate,Algae,sessile,NA
Bossiella pseudodichotoma,Bossiella sp.2 chiloensis,Algae,sessile,Bossiella sp.2 chiloensis,Bossiella articulate,Bossiella articulate,Bossiella articulate,Algae,sessile,NA
Bossiella sp.2 chiloensis,Bossiella sp.2 chiloensis,Algae,sessile,Bossiella sp.2 chiloensis,Bossiella articulate,Bossiella articulate,Bossiella articulate,Algae,sessile,NA
Bossiella sp.2chiloensis,Bossiella sp.2 chiloensis,Algae,sessile,Bossiella sp.2 chiloensis,Bossiella articulate,Bossiella articulate,Bossiella articulate,Algae,sessile,NA
Bossiella sp.5 chiloensis,Bossiella sp.5 chiloensis,Algae,sessile,Bossiella sp.5 chiloensis,Bossiella articulate,Bossiella articulate,Bossiella articulate,Algae,sessile,NA
Bossiella sp.5 chiloensis [flexuosa],Bossiella sp.5 chiloensis,Algae,sessile,Bossiella sp.5 chiloensis,Bossiella articulate,Bossiella articulate,Bossiella articulate,Algae,sessile,NA
Brachyuran crabs,Brachyura,Animal,motile,Brachyura,Brachyura,Brachyura,Crab,Animal,motile,NA
Brittle star,Brittle star,Animal,motile,Brittle star,Brittle star,Brittle star,Brittle star,Animal,motile,NA
Brown crust,Brown crust,Algae,sessile,Brown crust,Ralfsioid,Ralfsioid,Ralfsioid,Algae,sessile,NA
Bryopsis corticulans,Bryopsis corticulans,Algae,sessile,Bryopsis corticulans,Bryopsis corticulans,Bryopsis corticulans,Bryopsis corticulans,Algae,sessile,NA
Bryozoan,Bryozoan,Animal,sessile,Bryozoan,Bryozoan,Bryozoan,Bryozoan,Animal,sessile,NA
Bryozoans,Bryozoan,Animal,sessile,Bryozoan,Bryozoan,Bryozoan,Bryozoan,Animal,sessile,NA
Encrusting bryozoan,Bryozoan,Animal,sessile,Bryozoan,Bryozoan,Bryozoan,Bryozoan,Animal,sessile,NA
Unknown orange encrusting bryozoan,Bryozoan,Animal,sessile,Bryozoan,Bryozoan,Bryozoan,Bryozoan,Animal,sessile,NA
Calliarthron tuberculosum,Calliarthron tuberculosum,Algae,sessile,Calliarthron tuberculosum,Calliarthron tuberculosum,Calliarthron tuberculosum,Calliarthron tuberculosum,Algae,sessile,NA
Calliostoma,Calliostoma,Animal,motile,Calliostoma,Calliostoma,Calliostoma,Calliostoma,Animal,motile,NA
Callithamnion biseriatum,Callithamnion biseriatum,Algae,sessile,Callithamnion biseriatum,Callithamnion biseriatum,Callithamnion biseriatum,Callithamnion biseriatum,Algae,sessile,NA
Callithamnion pikeanum,Callithamnion pikeanum,Algae,sessile,Callithamnion pikeanum,Callithamnion pikeanum,Callithamnion pikeanum,Callithamnion pikeanum,Algae,sessile,NA
Callophyllis sp.,Callophyllis sp.,Algae,sessile,Callophyllis sp.,Callophyllis sp.,Callophyllis sp.,Callophyllis sp.,Algae,sessile,NA
Ceramium codicola,Ceramium codicola,Algae,sessile,Ceramium codicola,Ceramium codicola,Ceramium codicola,Ceramium codicola,Algae,sessile,NA
Ceramium pacificum,Ceramium pacificum,Algae,sessile,Ceramium pacificum,Ceramium pacificum,Ceramium pacificum,Ceramium pacificum,Algae,sessile,NA
Ceratostoma,Ceratostoma,Animal,motile,Ceratostoma,Ceratostoma,Ceratostoma,Ceratostoma,Animal,motile,NA
Chaetomorpha cannabina,Chaetomorpha linum,Algae,sessile,Chaetomorpha linum,Chaetomorpha linum,Chaetomorpha linum,Chaetomorpha,Algae,sessile,NA
Chaetomorpha linum,Chaetomorpha linum,Algae,sessile,Chaetomorpha linum,Chaetomorpha linum,Chaetomorpha linum,Chaetomorpha,Algae,sessile,NA
Pseudolithophyllum neofarlowii,Chamberlainium tumidum,Algae,sessile,Chamberlainium tumidum,Chamberlainium tumidum,Chamberlainium tumidum,Chamberlainium tumidum,Algae,sessile,changed to Chamberlainium in 2019
Pseudolithophyllum neofarlowii Spongites tumidum,Chamberlainium tumidum,Algae,sessile,Chamberlainium tumidum,Chamberlainium tumidum,Chamberlainium tumidum,Chamberlainium tumidum,Algae,sessile,changed to Chamberlainium in 2019
Spongites tumidum,Chamberlainium tumidum,Algae,sessile,Chamberlainium tumidum,Chamberlainium tumidum,Chamberlainium tumidum,Chamberlainium tumidum,Algae,sessile,changed to Chamberlainium in 2019
Chamberlainium tumidum,Chamberlainium tumidum,Algae,sessile,Chamberlainium tumidum,Chamberlainium tumidum,Chamberlainium tumidum,Chamberlainium tumidum,Algae,sessile,changed to Chamberlainium in 2019
Chiharaea bodegensis,Chiharaea bodegensis,Algae,sessile,Chiharaea bodegensis,Chiharaea bodegensis,Chiharaea bodegensis,Chiharaea bodegensis,Algae,sessile,NA
Chiharaea bodegensis f. americana,Chiharaea bodegensis f. americana,Algae,sessile,Chiharaea bodegensis f. americana,Chiharaea bodegensis f. americana,Chiharaea bodegensis f. americana,Chiharaea bodegensis f. americana,Algae,sessile,NA
Chiharaea rhododactyla,Chiharaea rhododactyla,Algae,sessile,Chiharaea rhododactyla,Chiharaea rhododactyla,Chiharaea rhododactyla,Chiharaea rhododactyla,Algae,sessile,NA
Chiharaea silvae,Chiharaea silvae,Algae,sessile,Chiharaea silvae,Chiharaea silvae,Chiharaea silvae,Chiharaea silvae,Algae,sessile,NA
Chiton,Chiton,Animal,motile,Chiton,Chiton,Chiton,Chiton,Animal,motile,NA
Chitons,Chiton,Animal,motile,Chiton,Chiton,Chiton,Chiton,Animal,motile,NA
Other Chiton,Chiton,Animal,motile,Chiton,Chiton,Chiton,Chiton,Animal,motile,NA
Other chitons,Chiton,Animal,motile,Chiton,Chiton,Chiton,Chiton,Animal,motile,NA
Chondracanthus exasperatus,Chondracanthus exasperatus,Algae,sessile,Chondracanthus exasperatus,Chondracanthus exasperatus,Chondracanthus exasperatus,Chondracanthus exasperatus,Algae,sessile,NA
Chthalamus,Chthamalus dalli,Animal,sessile,Chthamalus dalli,Barnacles,Barnacles,Barnacles,Animal,sessile,NA
Chthamalus,Chthamalus dalli,Animal,sessile,Chthamalus dalli,Barnacles,Barnacles,Barnacles,Animal,sessile,NA
Chthamalus dalli,Chthamalus dalli,Animal,sessile,Chthamalus dalli,Barnacles,Barnacles,Barnacles,Animal,sessile,NA
Chthamalus sp.,Chthamalus dalli,Animal,sessile,Chthamalus dalli,Barnacles,Barnacles,Barnacles,Animal,sessile,NA
Cladophora columbiana,Cladophora columbiana,Algae,sessile,Cladophora columbiana,Cladophora columbiana,Cladophora columbiana,Cladophora columbiana,Algae,sessile,NA
Cladophora sericea,Cladophora sericea,Algae,sessile,Cladophora sericea,Cladophora sericea,Cladophora sericea,Cladophora sericea,Algae,sessile,NA
Cladophora stimpsonii,Cladophora stimpsonii,Algae,sessile,Cladophora stimpsonii,Cladophora stimpsonii,Cladophora stimpsonii,Cladophora stimpsonii,Algae,sessile,NA
Clam,Clam,Animal,motile,Clam,Clam,Clam,Clam,Animal,motile,NA
"Clam hole, alive",Clam hole,Animal,motile,Clam hole,Clam hole,Clam hole,Clam hole,Animal,motile,NA
"Clam shell, dead",Clam shell,Substratum,NA,Clam shell,Clam shell,Clam shell,Clam shell,Substratum,NA,NA
Codium fragile,Codium fragile,Algae,sessile,Codium fragile,Codium fragile,Codium fragile,Codium fragile,Algae,sessile,NA
Codium setchelii,Codium setchellii,Algae,sessile,Codium setchellii,Codium setchellii,Codium setchellii,Codium setchellii,Algae,sessile,NA
Codium setchellii,Codium setchellii,Algae,sessile,Codium setchellii,Codium setchellii,Codium setchellii,Codium setchellii,Algae,sessile,NA
Collinsiella tuberculata,Collinsiella tuberculata,Algae,sessile,Collinsiella tuberculata,Collinsiella tuberculata,Collinsiella tuberculata,Collinsiella tuberculata,Algae,sessile,NA
Colonial Diatoms,Colonial diatoms,Algae,sessile,Colonial diatoms,Colonial diatoms,Colonial diatoms,Colonial diatoms,Algae,sessile,NA
"Diatoms, colonial",Colonial diatoms,Algae,sessile,Colonial diatoms,Colonial diatoms,Colonial diatoms,Colonial diatoms,Algae,sessile,NA
Diatoms,Colonial diatoms,Algae,sessile,Colonial diatoms,Colonial diatoms,Colonial diatoms,Colonial diatoms,Algae,sessile,NA
Colpomenia peregrina,Colpomenia peregrina,Algae,sessile,Colpomenia peregrina,Colpomenia peregrina,Colpomenia peregrina,Colpomenia peregrina,Algae,sessile,NA
Constantinea subulifera,Constantinea subulifera,Algae,sessile,Constantinea subulifera,Constantinea subulifera,Constantinea subulifera,Constantinea subulifera,Algae,sessile,NA
Corallina sp. 2,Corallina bathybentha,Algae,sessile,Corallina bathybentha,Corallina,Corallina,Corallina,Algae,sessile,NA
Corallina sp.2,Corallina bathybentha,Algae,sessile,Corallina bathybentha,Corallina,Corallina,Corallina,Algae,sessile,NA
Corallina sp.2 frondescens,Corallina bathybentha,Algae,sessile,Corallina bathybentha,Corallina,Corallina,Corallina,Algae,sessile,NA
Corallina officianalis,Corallina chilensis,Algae,sessile,Corallina chilensis,Corallina,Corallina,Corallina,Algae,sessile,NA
Corallina officinalis,Corallina chilensis,Algae,sessile,Corallina chilensis,Corallina,Corallina,Corallina,Algae,sessile,NA
Corallina sp.1 frondescens,Corallina chilensis,Algae,sessile,Corallina chilensis,Corallina,Corallina,Corallina,Algae,sessile,NA
Corallina arbuscula,Corallina pilulifera,Algae,sessile,Corallina pilulifera,Corallina,Corallina,Corallina,Algae,sessile,NA
Corallina,Corallina sp.,Algae,sessile,Corallina sp.,Corallina,Corallina,Corallina,Algae,sessile,NA
Corallina sp.,Corallina sp.,Algae,sessile,Corallina sp.,Corallina,Corallina,Corallina,Algae,sessile,NA
Corallina sp.1 california,Corallina sp.,Algae,sessile,Corallina sp.,Corallina,Corallina,Corallina,Algae,sessile,NA
Corallina vancouveriensis,Corallina vancouveriensis,Algae,sessile,Corallina vancouveriensis,Corallina,Corallina,Corallina,Algae,sessile,NA
"Corallina crust, unknown",coralline crust,Algae,sessile,coralline crust,coralline crust,coralline crust,coralline crust,Algae,sessile,NA
"Coralline crust, unknown",coralline crust,Algae,sessile,coralline crust,coralline crust,coralline crust,coralline crust,Algae,sessile,NA
Encrusting coralline,coralline crust,Algae,sessile,coralline crust,coralline crust,coralline crust,coralline crust,Algae,sessile,NA
Encrusting corallines,coralline crust,Algae,sessile,coralline crust,coralline crust,coralline crust,coralline crust,Algae,sessile,NA
Encrusting Corraline,coralline crust,Algae,sessile,coralline crust,coralline crust,coralline crust,coralline crust,Algae,sessile,NA
Unknown coralline crust,coralline crust,Algae,sessile,coralline crust,coralline crust,coralline crust,coralline crust,Algae,sessile,NA
"Hot pink, thin crustose coraline",coralline crust,Algae,sessile,coralline crust,coralline crust,coralline crust,coralline crust,Algae,sessile,NA
Costaria costata,Costaria costata,Algae,sessile,Costaria costata,Costaria costata,Costaria costata,Costaria costata,Algae,sessile,NA
Sculpin,Cottoidea,Animal,motile,Cottoidea,Cottoidea,Cottoidea,Cottoidea,Animal,motile,NA
Tidepool sculpin,Cottoidea,Animal,motile,Cottoidea,Cottoidea,Cottoidea,Cottoidea,Animal,motile,NA
Crab,Crab,Animal,motile,Crab,Crab,Crab,Crab,Animal,motile,NA
Crusticorallina muricata,Crusticorallina muricata,Algae,sessile,Crusticorallina muricata,Crusticorallina muricata,Crusticorallina muricata,coralline crust,Algae,sessile,taxon lumped3 to coralline crust 20200421 by Matt Whalen
Crusticorallina muricatum,Crusticorallina muricata,Algae,sessile,Crusticorallina muricata,Crusticorallina muricata,Crusticorallina muricata,coralline crust,Algae,sessile,taxon lumped3 to coralline crust 20200421 by Matt Whalen
Pseudlolithophyllum muricatum,Crusticorallina muricata,Algae,sessile,Crusticorallina muricata,Crusticorallina muricata,Crusticorallina muricata,coralline crust,Algae,sessile,taxon lumped3 to coralline crust 20200421 by Matt Whalen
Pseudolithophyllum muricatum,Crusticorallina muricata,Algae,sessile,Crusticorallina muricata,Crusticorallina muricata,Crusticorallina muricata,coralline crust,Algae,sessile,taxon lumped3 to coralline crust 20200421 by Matt Whalen
Cryptochiton,Cryptochiton,Animal,motile,Cryptochiton,Cryptochiton,Cryptochiton,Cryptochiton,Animal,motile,NA
Cryptosiphonia woodii,Cryptosiphonia woodii,Algae,sessile,Cryptosiphonia woodii,Cryptosiphonia woodii,Cryptosiphonia woodii,Cryptosiphonia woodii,Algae,sessile,NA
Orange sea cucumber,Cucumaria miniata,Animal,motile,Cucumaria miniata,Cucumaria miniata,Cucumaria miniata,Cucumaria miniata,Animal,motile,NA
Cumathamnion decipiens,Cumathamnion decipiens,Algae,sessile,Cumathamnion decipiens,Cumathamnion decipiens,Cumathamnion decipiens,Cumathamnion decipiens,Algae,sessile,NA
Delesseria decipiens,Cumathamnion decipiens,Algae,sessile,Cumathamnion decipiens,Cumathamnion decipiens,Cumathamnion decipiens,Cumathamnion decipiens,Algae,sessile,NA
Colpomenia bullosa,Dactylosiphon bullosus,Algae,sessile,Dactylosiphon bullosus,Dactylosiphon bullosus,Dactylosiphon bullosus,Dactylosiphon bullosus,Algae,sessile,NA
Colpomenia bullosa,Dactylosiphon bullosus,Algae,sessile,Dactylosiphon bullosus,Dactylosiphon bullosus,Dactylosiphon bullosus,Dactylosiphon bullosus,Algae,sessile,NA
Colpomenia bullosa [now Dactylosiphon bullosus],Dactylosiphon bullosus,Algae,sessile,Dactylosiphon bullosus,Dactylosiphon bullosus,Dactylosiphon bullosus,Dactylosiphon bullosus,Algae,sessile,NA
Colpomenia bullosa [now Dactylosiphon bullosus],Dactylosiphon bullosus,Algae,sessile,Dactylosiphon bullosus,Dactylosiphon bullosus,Dactylosiphon bullosus,Dactylosiphon bullosus,Algae,sessile,NA
Dactylosiphon bullosus,Dactylosiphon bullosus,Algae,sessile,Dactylosiphon bullosus,Dactylosiphon bullosus,Dactylosiphon bullosus,Dactylosiphon bullosus,Algae,sessile,NA
Dactylosiphon bullosus,Dactylosiphon bullosus,Algae,sessile,Dactylosiphon bullosus,Dactylosiphon bullosus,Dactylosiphon bullosus,Dactylosiphon bullosus,Algae,sessile,NA
Dermasterias,Dermasterias,Animal,motile,Dermasterias,Dermasterias,Dermasterias,Dermasterias,Animal,motile,NA
Desmarestia aculeata,Desmarestia aculeata,Algae,sessile,Desmarestia aculeata,Desmarestia aculeata,Desmarestia aculeata,Desmarestia aculeata,Algae,sessile,NA
Desmarestia herbacea,Desmarestia herbacea,Algae,sessile,Desmarestia herbacea,Desmarestia herbacea,Desmarestia herbacea,Desmarestia herbacea,Algae,sessile,NA
Desmarestia ligulata,Desmarestia ligulata,Algae,sessile,Desmarestia ligulata,Desmarestia ligulata,Desmarestia ligulata,Desmarestia ligulata,Algae,sessile,NA
Palmaria mollis,Devaleraea mollis,Algae,sessile,Devaleraea mollis,Devaleraea mollis,Devaleraea mollis,Devaleraea mollis,Algae,sessile,NA
Devaleraea mollis,Devaleraea mollis,Algae,sessile,Devaleraea mollis,Devaleraea mollis,Devaleraea mollis,Devaleraea mollis,Algae,sessile,NA
Dictyosiphon,Dictyosiphon sinicola,Algae,sessile,Dictyosiphon sinicola,Dictyosiphon sinicola,Dictyosiphon sinicola,Dictyosiphon sinicola,Algae,sessile,NA
Dictyosiphon foeniculaceus,Dictyosiphon sinicola,Algae,sessile,Dictyosiphon sinicola,Dictyosiphon sinicola,Dictyosiphon sinicola,Dictyosiphon sinicola,Algae,sessile,NA
Dictyosiphon sinicola,Dictyosiphon sinicola,Algae,sessile,Dictyosiphon sinicola,Dictyosiphon sinicola,Dictyosiphon sinicola,Dictyosiphon sinicola,Algae,sessile,NA
Dilsea,Dilsea californica,Algae,sessile,Dilsea californica,Dilsea californica,Dilsea californica,Dilsea californica,Algae,sessile,NA
Dilsea californica,Dilsea californica,Algae,sessile,Dilsea californica,Dilsea californica,Dilsea californica,Dilsea californica,Algae,sessile,NA
Ectocarpus commensalis,Ectocarpus commensalis,Algae,sessile,Ectocarpus commensalis,Ectocarpus commensalis,Ectocarpus commensalis,Ectocarpus commensalis,Algae,sessile,NA
Ectocarpus siliculosus,Ectocarpus siliculosus,Algae,sessile,Ectocarpus siliculosus,Ectocarpus siliculosus,Ectocarpus siliculosus,Ectocarpus siliculosus,Algae,sessile,NA
Ectocarpus,Ectocarpus sp.,Algae,sessile,Ectocarpus sp.,Ectocarpus sp.,Ectocarpus sp.,Ectocarpus sp.,Algae,sessile,NA
Egregia menziesii,Egregia menziesii,Algae,sessile,Egregia menziesii,Egregia menziesii,Egregia menziesii,Egregia menziesii,Algae,sessile,NA
Elachista fucicola,Elachista fucicola,Algae,sessile,Elachista fucicola,Elachista fucicola,Elachista fucicola,Elachista fucicola,Algae,sessile,NA
Endocladia muricata,Endocladia muricata,Algae,sessile,Endocladia muricata,Endocladia muricata,Endocladia muricata,Endocladia muricata,Algae,sessile,NA
Entoprocta,Entoprocta,Animal,sessile,Entoprocta,Entoprocta,Entoprocta,Entoprocta,Animal,sessile,NA
Erythrotrichia carnea,Erythrotrichia carnea,Algae,sessile,Erythrotrichia carnea,Erythrotrichia carnea,Erythrotrichia carnea,Erythrotrichia carnea,Algae,sessile,NA
Eugomontia sacculata,Eugomontia sacculata,Algae,sessile,Eugomontia sacculata,Eugomontia sacculata,Eugomontia sacculata,Eugomontia sacculata,Algae,sessile,NA
Evasterias,Evasterias sp.,Animal,motile,Evasterias sp.,Evasterias sp.,Evasterias sp.,Evasterias sp.,Animal,motile,NA
Farlowia mollis,Farlowia mollis,Algae,sessile,Farlowia mollis,Farlowia mollis,Farlowia mollis,Farlowia mollis,Algae,sessile,NA
Feather duster worm,Feather duster worm,Animal,sessile,Feather duster worm,Feather duster worm,Tube worms,Tube worms,Animal,sessile,NA
Feldmannia irregularis,Feldmannia irregularis,Algae,sessile,Feldmannia irregularis,Feldmannia irregularis,Feldmannia irregularis,Feldmannia irregularis,Algae,sessile,NA
Fish,Fish,Animal,motile,Fish,Fish,Fish,Fish,Animal,motile,NA
Flustralidra,Flustralidra,Animal,sessile,Flustrellidra,Bryozoan,Bryozoan,Bryozoan,Animal,sessile,NA
Flustrellidra,Flustralidra,Animal,sessile,Flustrellidra,Bryozoan,Bryozoan,Bryozoan,Animal,sessile,NA
Flustrella,Flustralidra,Animal,sessile,Flustrellidra,Bryozoan,Bryozoan,Bryozoan,Animal,sessile,NA
Frederikia sp.,Fredericquia sp.,Algae,sessile,Fredericquia sp.,Fredericquia sp.,Fredericquia sp.,Fredericquia sp.,Algae,sessile,NA
Fucus distichus,Fucus distichus,Algae,sessile,Fucus distichus,Fucus distichus,Fucus distichus,Fucus distichus,Algae,sessile,NA
Fucus distichus subsp. evanescens,Fucus distichus,Algae,sessile,Fucus distichus,Fucus distichus,Fucus distichus,Fucus distichus,Algae,sessile,NA
Gammaridae,Gammaridae,Animal,motile,Gammaridae,Gammaridae,Gammaridae,Gammaridae,Animal,motile,NA
Gelidium sp.,Gelidium sp.,Algae,sessile,Gelidium sp.,Gelidium sp.,Gelidium sp.,Gelidium sp.,Algae,sessile,NA
Fauchea sp.,Gloiocladia sp.,Algae,sessile,Gloiocladia sp.,Gloiocladia sp.,Gloiocladia sp.,Gloiocladia sp.,Algae,sessile,NA
Gloiocladia sp.,Gloiocladia sp.,Algae,sessile,Gloiocladia sp.,Gloiocladia sp.,Gloiocladia sp.,Gloiocladia sp.,Algae,sessile,NA
Gloiopeltis furcata,Gloiopeltis furcata,Algae,sessile,Gloiopeltis furcata,Gloiopeltis furcata,Gloiopeltis furcata,Gloiopeltis furcata,Algae,sessile,NA
Gobiosox,Gobiesox,Animal,motile,Gobiesox,Gobiesox,Gobiesox,Fish,Animal,motile,NA
Gobisox,Gobiesox,Animal,motile,Gobiesox,Gobiesox,Gobiesox,Fish,Animal,motile,NA
Gracilaria pacifica,Gracilaria pacifica,Algae,sessile,Gracilaria pacifica,Gracilaria pacifica,Gracilaria pacifica,Gracilaria pacifica,Algae,sessile,NA
Green Endozoic in clam shell,Green endozoic,Algae,sessile,Green endozoic,Green endozoic,Green endozoic,Green endozoic,Algae,sessile,NA
Gunnel,Gunnel,Animal,motile,Gunnel,Gunnel,Gunnel,Fish,Animal,motile,NA
Halichondria,Halichondria,Animal,sessile,Halichondria,Halichondria,Halichondria,Tunicata/Porifera,Animal,sessile,NA
Halichondria panicea,Halichondria panicea,Animal,sessile,Halichondria panicea,Halichondria,Halichondria,Tunicata/Porifera,Animal,sessile,NA
Haliclona,Haliclona,Animal,sessile,Haliclona,Haliclona,Tunicata/Porifera,Tunicata/Porifera,Animal,sessile,NA
Abalone,Haliotis kamtschatkana,Animal,motile,Haliotis kamtschatkana,Haliotis kamtschatkana,Haliotis kamtschatkana,Haliotis kamtschatkana,Animal,motile,May want to remove this taxon from lists because it is protected
Halosaccion glandiforme,Halosaccion glandiforme,Algae,sessile,Halosaccion glandiforme,Halosaccion glandiforme,Halosaccion glandiforme,Halosaccion glandiforme,Algae,sessile,NA
Cf. Hapalogaster mertensii,Haplogaster sp.,Animal,motile,Haplogaster sp.,Haplogaster sp.,Haplogaster sp.,Haplogaster sp.,Animal,motile,NA
Saccharina groenlandica,Hedophyllum nigripes,Algae,sessile,Hedophyllum nigripes,Hedophyllum nigripes,Hedophyllum nigripes,Hedophyllum nigripes,Algae,sessile,added in 2019
Hedophyllum nigripes,Hedophyllum nigripes,Algae,sessile,Hedophyllum nigripes,Hedophyllum nigripes,Hedophyllum nigripes,Hedophyllum nigripes,Algae,sessile,added in 2019
Saccharina sessile,Hedophyllum sessile,Algae,sessile,Hedophyllum sessile,Hedophyllum sessile,Hedophyllum sessile,Hedophyllum sessile,Algae,sessile,added in 2019
Saccharina sessilis,Hedophyllum sessile,Algae,sessile,Hedophyllum sessile,Hedophyllum sessile,Hedophyllum sessile,Hedophyllum sessile,Algae,sessile,added in 2019
Hedophyllum sessile,Hedophyllum sessile,Algae,sessile,Hedophyllum sessile,Hedophyllum sessile,Hedophyllum sessile,Hedophyllum sessile,Algae,sessile,added in 2019
Hemigrapsis ?,Hemigrapsus sp.,Animal,motile,Hemigrapsus sp.,Hemigrapsus sp.,Hemigrapsus sp.,Hemigrapsus sp.,Animal,motile,NA
Hemigrapsis sp. ?,Hemigrapsus sp.,Animal,motile,Hemigrapsus sp.,Hemigrapsus sp.,Hemigrapsus sp.,Hemigrapsus sp.,Animal,motile,NA
Hemigrapsus,Hemigrapsus sp.,Animal,motile,Hemigrapsus sp.,Hemigrapsus sp.,Hemigrapsus sp.,Hemigrapsus sp.,Animal,motile,NA
Shore Crab,Hemigrapsus sp.,Animal,motile,Hemigrapsus sp.,Hemigrapsus sp.,Hemigrapsus sp.,Hemigrapsus sp.,Animal,motile,NA
Small crab,Hemigrapsus sp.,Animal,motile,Hemigrapsus sp.,Hemigrapsus sp.,Hemigrapsus sp.,Hemigrapsus sp.,Animal,motile,NA
Henricia,Henricia,Animal,motile,Henricia,Henricia,Henricia,Henricia,Animal,motile,NA
Herposiphonia plumula,Herposiphonia plumula,Algae,sessile,Herposiphonia plumula,Herposiphonia plumula,Herposiphonia plumula,Herposiphonia plumula,Algae,sessile,NA
Hildenbrandia occidentalis,Hildenbrandia occidentalis,Algae,sessile,Hildenbrandia occidentalis,Hildenbrandia,Hildenbrandia,Hildenbrandia,Algae,sessile,NA
Hildenbrandia thick,Hildenbrandia occidentalis,Algae,sessile,Hildenbrandia occidentalis,Hildenbrandia,Hildenbrandia,Hildenbrandia,Algae,sessile,NA
Hildenbrandia rubra,Hildenbrandia rubra,Algae,sessile,Hildenbrandia rubra,Hildenbrandia,Hildenbrandia,Hildenbrandia,Algae,sessile,NA
Hildenbrandia,Hildenbrandia sp.,Algae,sessile,Hildenbrandia sp.,Hildenbrandia,Hildenbrandia,Hildenbrandia,Algae,sessile,NA
Hildenbrandia sp.,Hildenbrandia sp.,Algae,sessile,Hildenbrandia sp.,Hildenbrandia,Hildenbrandia,Hildenbrandia,Algae,sessile,NA
Hildenbrandia transparent,Hildenbrandia sp.,Algae,sessile,Hildenbrandia sp.,Hildenbrandia,Hildenbrandia,Hildenbrandia,Algae,sessile,NA
Hollenbergia subulata,Hollenbergia subulata,Algae,sessile,Hollenbergia subulata,Hollenbergia subulata,Hollenbergia subulata,Hollenbergia subulata,Algae,sessile,NA
Erect hydroid,Hydroid,Animal,sessile,Hydroid,Hydroid,Hydroid,Hydroid,Animal,sessile,NA
Hydroid,Hydroid,Animal,sessile,Hydroid,Hydroid,Hydroid,Hydroid,Animal,sessile,NA
Hydrozoan,Hydroid,Animal,sessile,Hydroid,Hydroid,Hydroid,Hydroid,Animal,sessile,NA
Hymenena setchellii,Hymenena setchellii,Algae,sessile,Hymenena setchellii,Hymenena spp.,Hymenena spp.,Hymenena spp.,Algae,sessile,NA
Hymenena,Hymenena spp.,Algae,sessile,Hymenena spp.,Hymenena spp.,Hymenena spp.,Hymenena spp.,Algae,sessile,NA
Cryptopleura,Hymenena spp.,Algae,sessile,Hymenena spp.,Hymenena spp.,Hymenena spp.,Hymenena spp.,Algae,sessile,NA
Hymenena / Cryptopleura sp.,Hymenena spp.,Algae,sessile,Hymenena spp.,Hymenena spp.,Hymenena spp.,Hymenena spp.,Algae,sessile,NA
Hymenena sp.,Hymenena spp.,Algae,sessile,Hymenena spp.,Hymenena spp.,Hymenena spp.,Hymenena spp.,Algae,sessile,NA
Hymenena/Cryptopleura,Hymenena spp.,Algae,sessile,Hymenena spp.,Hymenena spp.,Hymenena spp.,Hymenena spp.,Algae,sessile,NA
Hymenena/Cryptopleura curly,Hymenena spp.,Algae,sessile,Hymenena spp.,Hymenena spp.,Hymenena spp.,Hymenena spp.,Algae,sessile,NA
Nitophyllum dotyi,Hymenena spp.,Algae,sessile,Hymenena spp.,Hymenena spp.,Hymenena spp.,Hymenena spp.,Algae,sessile,NA
Nitophyllum dotyi ?,Hymenena spp.,Algae,sessile,Hymenena spp.,Hymenena spp.,Hymenena spp.,Hymenena spp.,Algae,sessile,NA
Nitophyllum sp.,Hymenena spp.,Algae,sessile,Hymenena spp.,Hymenena spp.,Hymenena spp.,Hymenena spp.,Algae,sessile,NA
Isopoda,Isopoda,Animal,motile,Isopoda,Isopoda,Isopoda,Isopoda,Animal,motile,NA
Jingle,Jingle,Animal,sessile,Pododesmus sp.,Pododesmus sp.,Pododesmus sp.,Pododesmus sp.,Animal,sessile,NA
Johansenia macmillanii,Johansenia macmillanii,Algae,sessile,Johansenia macmillanii,Johansenia macmillanii,Johansenia macmillanii,Johansenia macmillanii,Algae,sessile,NA
Katharina,Katharina tunicata,Animal,motile,Katharina tunicata,Katharina tunicata,Katharina tunicata,Katharina tunicata,Animal,motile,NA
Katharina tunicata,Katharina tunicata,Animal,motile,Katharina tunicata,Katharina tunicata,Katharina tunicata,Katharina tunicata,Animal,motile,NA
Unknown Juv. Kelp,"Kelp recruit, unknown",Algae,sessile,"Kelp recruit, unknown","Kelp recruit, unknown","Kelp recruit, unknown","Kelp recruit, unknown",Algae,sessile,NA
Kelp recruit unk.,"Kelp recruit, unknown",Algae,sessile,"Kelp recruit, unknown","Kelp recruit, unknown","Kelp recruit, unknown","Kelp recruit, unknown",Algae,sessile,NA
"Kelp recruit, unknown","Kelp recruit, unknown",Algae,sessile,"Kelp recruit, unknown","Kelp recruit, unknown","Kelp recruit, unknown","Kelp recruit, unknown",Algae,sessile,NA
Kornmannia leptoderma,Kornmannia leptoderma,Algae,sessile,Kornmannia leptoderma,Kornmannia leptoderma,Kornmannia leptoderma,Kornmannia leptoderma,Algae,sessile,NA
Lacuna,Lacuna sp.,Animal,motile,Lacuna sp.,Lacuna sp.,Lacuna sp.,Lacuna sp.,Animal,motile,NA
Laminaria setchellii,Laminaria setchellii,Algae,sessile,Laminaria setchellii,Laminaria setchellii,Laminaria setchellii,Laminaria setchellii,Algae,sessile,NA
Laminaria yezoensis,Laminaria yezoensis,Algae,sessile,Laminaria yezoensis,Laminaria yezoensis,Laminaria yezoensis,Laminaria yezoensis,Algae,sessile,NA
Leathesia marina,Leathesia marina,Algae,sessile,Leathesia marina,Leathesia marina,Leathesia marina,Leathesia marina,Algae,sessile,NA
Leptasterias,Leptasterias sp.,Animal,motile,Leptasterias sp.,Leptasterias sp.,Leptasterias sp.,Leptasterias sp.,Animal,motile,NA
Leptasterius,Leptasterias sp.,Animal,motile,Leptasterias sp.,Leptasterias sp.,Leptasterias sp.,Leptasterias sp.,Animal,motile,NA
Leptofauchea sp.,Leptofauchea sp.,Algae,sessile,Leptofauchea sp.,Leptofauchea sp.,Leptofauchea sp.,Leptofauchea sp.,Algae,sessile,NA
Leptofauscia,Leptofauchea sp.,Algae,sessile,Leptofauchea sp.,Leptofauchea sp.,Leptofauchea sp.,Leptofauchea sp.,Algae,sessile,NA
Ligia,Ligia sp.,Animal,motile,Ligia sp.,Ligia sp.,Ligia sp.,Ligia sp.,Animal,motile,NA
Limpet,Limpet,Animal,motile,Limpet,Limpet,Limpet,Limpet,Animal,motile,NA
Lithophyllum impressum,Lithophyllum impressum,Algae,sessile,Lithophyllum impressum,Lithophyllum,Lithophyllum,coralline crust,Algae,sessile,taxon lumped3 to coralline crust 20200421 by Matt Whalen
Lithophyllum sp.,Lithophyllum sp.,Algae,sessile,Lithophyllum sp.,Lithophyllum,Lithophyllum,coralline crust,Algae,sessile,taxon lumped3 to coralline crust 20200421 by Matt Whalen
Lithophyllum sp. 1,Lithophyllum sp. 1,Algae,sessile,Lithophyllum sp. 1,Lithophyllum,Lithophyllum,coralline crust,Algae,sessile,taxon lumped3 to coralline crust 20200421 by Matt Whalen
Lithophyllum sp.1,Lithophyllum sp. 1,Algae,sessile,Lithophyllum sp. 1,Lithophyllum,Lithophyllum,coralline crust,Algae,sessile,taxon lumped3 to coralline crust 20200421 by Matt Whalen
Lithophyllum sp. 2,Lithophyllum sp. 2,Algae,sessile,Lithophyllum sp. 2,Lithophyllum,Lithophyllum,coralline crust,Algae,sessile,taxon lumped3 to coralline crust 20200421 by Matt Whalen
Lithophyllum sp.2,Lithophyllum sp. 2,Algae,sessile,Lithophyllum sp. 2,Lithophyllum,Lithophyllum,coralline crust,Algae,sessile,taxon lumped3 to coralline crust 20200421 by Matt Whalen
Lithophyllum sp.8,Lithophyllum sp. 8,Algae,sessile,Lithophyllum sp. 8,Lithophyllum,Lithophyllum,coralline crust,Algae,sessile,taxon lumped3 to coralline crust 20200421 by Matt Whalen
Lithothamnion glaciale,Lithothamnion glaciale,Algae,sessile,Lithothamnion glaciale,Lithothamnion glaciale,Lithothamnion glaciale,Lithothamnion glaciale,Algae,sessile,NA
Lithothamnion phymatodeon,Lithothamnion phymatodeum,Algae,sessile,Lithothamnion phymatodeum,Lithothamnion phymatodeum,Lithothamnion phymatodeum,Lithothamnion phymatodeum,Algae,sessile,NA
Lithothamnion phymatodeum,Lithothamnion phymatodeum,Algae,sessile,Lithothamnion phymatodeum,Lithothamnion phymatodeum,Lithothamnion phymatodeum,Lithothamnion phymatodeum,Algae,sessile,NA
Littorina scutulata,Littorina scutulata,Animal,motile,Littorina scutulata,Littorina scutulata,Littorina scutulata,Littorina scutulata,Animal,motile,NA
Littorina,Littorina sp.,Animal,motile,Littorina sp.,Littorina sp.,Littorina sp.,Littorina sp.,Animal,motile,NA
Littorine snails,Littorina sp.,Animal,motile,Littorina sp.,Littorina sp.,Littorina sp.,Littorina sp.,Animal,motile,NA
Littornia,Littorina sp.,Animal,motile,Littorina sp.,Littorina sp.,Littorina sp.,Littorina sp.,Animal,motile,NA
Lomentaria hakodatensis,Lomentaria hakodatensis,Algae,sessile,Lomentaria hakodatensis,Lomentaria hakodatensis,Lomentaria hakodatensis,Lomentaria hakodatensis,Algae,sessile,NA
Lophopanopeus bellusopeus bellusopeus bellusopeus bellus,Lophopanopeus bellus,Animal,motile,Lophopanopeus bellus,Lophopanopeus bellus,Lophopanopeus bellus,Lophopanopeus bellus,Animal,motile,NA
Lophopanopeus bellus,Lophopanopeus bellus,Animal,motile,Lophopanopeus bellus,Lophopanopeus bellus,Lophopanopeus bellus,Lophopanopeus bellus,Animal,motile,NA
Lottia,Lottia sp.,Animal,motile,Lottia sp.,Lottia sp.,Lottia sp.,Lottia sp.,Animal,motile,NA
Lottia spp,Lottia sp.,Animal,motile,Lottia sp.,Lottia sp.,Lottia sp.,Lottia sp.,Animal,motile,NA
Macrocystis pyrifera,Macrocystis pyrifera,Algae,sessile,Macrocystis pyrifera,Macrocystis pyrifera,Macrocystis pyrifera,Macrocystis pyrifera,Algae,sessile,NA
Mastocarpus agardhii,Mastocarpus agardhii,Algae,sessile,Mastocarpus agardhii,Mastocarpus agardhii,Mastocarpus,Mastocarpus,Algae,sessile,"M. agardhii is distinct from others, but we will have to do something with these!!"
Mastocarpus alaskensis,Mastocarpus alaskensis,Algae,sessile,Mastocarpus alaskensis,Mastocarpus alaskensis,Mastocarpus,Mastocarpus,Algae,sessile,REVISIT
Mastocarpus intermedius,Mastocarpus intermedius,Algae,sessile,Mastocarpus intermedius,Mastocarpus intermedius,Mastocarpus,Mastocarpus,Algae,sessile,REVISIT
Mastocarpus jardinii,Mastocarpus jardinii,Algae,sessile,Mastocarpus jardinii,Mastocarpus jardinii,Mastocarpus jardinii,Mastocarpus jardinii,Algae,sessile,NA
Mastocarpus latissimus,Mastocarpus latissimus,Algae,sessile,Mastocarpus latissimus,Mastocarpus latissimus,Mastocarpus,Mastocarpus,Algae,sessile,REVISIT
Mazzaella latissimus,Mastocarpus latissimus,Algae,sessile,Mastocarpus latissimus,Mastocarpus latissimus,Mastocarpus,Mastocarpus,Algae,sessile,REVISIT
Mastocarpus pachenicus,Mastocarpus pachenicus,Algae,sessile,Mastocarpus pachenicus,Mastocarpus pachenicus,Mastocarpus,Mastocarpus,Algae,sessile,REVISIT
Mastocarpus rigidus,Mastocarpus rigidus,Algae,sessile,Mastocarpus rigidus,Mastocarpus rigidus,Mastocarpus,Mastocarpus,Algae,sessile,REVISIT
Mazzaella rigidus,Mastocarpus rigidus,Algae,sessile,Mastocarpus rigidus,Mastocarpus rigidus,Mastocarpus,Mastocarpus,Algae,sessile,REVISIT
Mastocarpus sp,Mastocarpus sp.,Algae,sessile,Mastocarpus sp.,Mastocarpus sp.,Mastocarpus,Mastocarpus,Algae,sessile,NA
Mastocarpus sp.,Mastocarpus sp.,Algae,sessile,Mastocarpus sp.,Mastocarpus sp.,Mastocarpus,Mastocarpus,Algae,sessile,NA
Mastocarpus spp,Mastocarpus sp.,Algae,sessile,Mastocarpus sp.,Mastocarpus sp.,Mastocarpus,Mastocarpus,Algae,sessile,NA
Mazzaella oregona,Mazzaella oregona,Algae,sessile,Mazzaella oregona,Mazzaella oregona,Mazzaella oregona,Mazzaella oregona,Algae,sessile,NA
Mazzaella cf. parksii,Mazzaella parksii,Algae,sessile,Mazzaella parksii,Mazzaella parksii,Mazzaella parksii,Mazzaella parksii,Algae,sessile,NA
Mazzaella parksii,Mazzaella parksii,Algae,sessile,Mazzaella parksii,Mazzaella parksii,Mazzaella parksii,Mazzaella parksii,Algae,sessile,NA
Mazzaella cf. parvula,Mazzaella parvula,Algae,sessile,Mazzaella parvula,Mazzaella parvula,Mazzaella parvula,Mazzaella parvula,Algae,sessile,NA
Mazzaella parvula,Mazzaella parvula,Algae,sessile,Mazzaella parvula,Mazzaella parvula,Mazzaella parvula,Mazzaella parvula,Algae,sessile,NA
Mazzaella splendens,Mazzaella splendens,Algae,sessile,Mazzaella splendens,Mazzaella splendens,Mazzaella splendens,Mazzaella splendens,Algae,sessile,NA
Melanosiphon intestinalis,Melanosiphon intestinalis,Algae,sessile,Melanosiphon intestinalis,Melanosiphon intestinalis,Melanosiphon intestinalis,Melanosiphon intestinalis,Algae,sessile,NA
Melobesia,Melobesia mediocris,Algae,sessile,Melobesia mediocris,Melobesia mediocris,Melobesia mediocris,Melobesia mediocris,Algae,sessile,NA
Melobesia mediocris,Melobesia mediocris,Algae,sessile,Melobesia mediocris,Melobesia mediocris,Melobesia mediocris,Melobesia mediocris,Algae,sessile,NA
Melobesia sp,Melobesia mediocris,Algae,sessile,Melobesia mediocris,Melobesia mediocris,Melobesia mediocris,Melobesia mediocris,Algae,sessile,NA
Membranoptera platyphylla,Membranoptera platyphylla,Algae,sessile,Membranoptera platyphylla,Membranoptera platyphylla,Membranoptera platyphylla,Membranoptera platyphylla,Algae,sessile,NA
Red urchin,Mesocentrotus franciscanus,Animal,motile,Mesocentrotus franciscanus,Mesocentrotus franciscanus,Mesocentrotus franciscanus,Mesocentrotus franciscanus,Animal,motile,NA
Mesophyllum vancouveriense,Mesophyllum vancouveriense,Algae,sessile,Mesophyllum vancouveriense,Mesophyllum vancouveriense,Mesophyllum vancouveriense,Mesophyllum vancouveriense,Algae,sessile,NA
Microcladia borealis,Microcladia borealis,Algae,sessile,Microcladia borealis,Microcladia borealis,Microcladia borealis,Microcladia borealis,Algae,sessile,NA
Monostroma grevillei,Monostroma grevillei,Algae,sessile,Monostroma grevillei,Monostroma grevillei,Monostroma,Monostroma,Algae,sessile,NA
Monostroma sp.,Monostroma sp.,Algae,sessile,Monostroma sp.,Monostroma sp.,Monostroma,Monostroma,Algae,sessile,NA
Mopalia,Mopalia sp.,Animal,motile,Mopalia sp.,Mopalia sp.,Mopalia sp.,Mopalia sp.,Animal,motile,NA
Mysid,Mysida,Animal,motile,Mysida,Mysida,Mysida,Mysida,Animal,motile,NA
Mytilus sp.,Mytilus sp.,Algae,sessile,Mytilus sp.,Mytilus sp.,Mytilus sp.,Mytilus sp.,Animal,sessile,NA
Mussel,Mytilus sp.,Animal,sessile,Mytilus sp.,Mytilus sp.,Mytilus sp.,Mytilus sp.,Animal,sessile,NA
Mytillus sp.,Mytilus sp.,Animal,sessile,Mytilus sp.,Mytilus sp.,Mytilus sp.,Mytilus sp.,Animal,sessile,NA
Mytilus,Mytilus sp.,Animal,sessile,Mytilus sp.,Mytilus sp.,Mytilus sp.,Mytilus sp.,Animal,sessile,NA
Mytilus trossulus,Mytilus trossulus,Animal,sessile,Mytilus trossulus,Mytilus trossulus,Mytilus sp.,Mytilus sp.,Animal,sessile,NA
Nemalion,Nemalion helminthoides,Algae,sessile,Nemalion helminthoides,Nemalion helminthoides,Nemalion helminthoides,Nemalion helminthoides,Algae,sessile,NA
Nemalion helminthoides,Nemalion helminthoides,Algae,sessile,Nemalion helminthoides,Nemalion helminthoides,Nemalion helminthoides,Nemalion helminthoides,Algae,sessile,NA
Nemertean,Nemertea,Animal,motile,Nemertea,Nemertea,Nemertea,Nemertea,Animal,motile,NA
Nemertean worm,Nemertea,Animal,motile,Nemertea,Nemertea,Nemertea,Nemertea,Animal,motile,NA
Pink nemertean,Nemertea,Animal,motile,Nemertea,Nemertea,Nemertea,Nemertea,Animal,motile,NA
Agarum fimbriatum,Neoagarum fimbriatum,Algae,sessile,Neoagarum fimbriatum,Neoagarum fimbriatum,Neoagarum fimbriatum,Neoagarum fimbriatum,Algae,sessile,NA
Neodilsea borealis,Neodilsea borealis,Algae,sessile,Neodilsea borealis,Neodilsea borealis,Neodilsea borealis,Neodilsea borealis,Algae,sessile,NA
Neodilsia borealis,Neodilsea borealis,Algae,sessile,Neodilsea borealis,Neodilsea borealis,Neodilsea borealis,Neodilsea borealis,Algae,sessile,NA
Neogastroclonium subarticulatum,Neogastroclonium subarticulatum,Algae,sessile,Neogastroclonium subarticulatum,Neogastroclonium subarticulatum,Neogastroclonium subarticulatum,Neogastroclonium subarticulatum,Algae,sessile,NA
Clathromorphum Neopolyporolithon reclinatum,Neopolyporolithon reclinatum,Algae,sessile,Neopolyporolithon reclinatum,Neopolyporolithon reclinatum,Neopolyporolithon reclinatum,Neopolyporolithon reclinatum,Algae,sessile,NA
Clathromorphum reclinatum,Neopolyporolithon reclinatum,Algae,sessile,Neopolyporolithon reclinatum,Neopolyporolithon reclinatum,Neopolyporolithon reclinatum,Neopolyporolithon reclinatum,Algae,sessile,NA
Clathromorphum reclunatum,Neopolyporolithon reclinatum,Algae,sessile,Neopolyporolithon reclinatum,Neopolyporolithon reclinatum,Neopolyporolithon reclinatum,Neopolyporolithon reclinatum,Algae,sessile,NA
Neopolyporolithon reclinatum,Neopolyporolithon reclinatum,Algae,sessile,Neopolyporolithon reclinatum,Neopolyporolithon reclinatum,Neopolyporolithon reclinatum,Neopolyporolithon reclinatum,Algae,sessile,NA
Porphyra perforata,Neoporphyra perforata,Algae,sessile,Neoporphyra perforata,Neoporphyra perforata,Neoporphyra perforata,Neoporphyra perforata,Algae,sessile,NA
Neoporphyra perforata,Neoporphyra perforata,Algae,sessile,Neoporphyra perforata,Neoporphyra perforata,Neoporphyra perforata,Neoporphyra perforata,Algae,sessile,NA
Pyropia perforata,Neoporphyra perforata,Algae,sessile,Neoporphyra perforata,Neoporphyra perforata,Neoporphyra perforata,Neoporphyra perforata,Algae,sessile,NA
Pyropia fucicola,Neopyropia fucicola,Algae,sessile,Neopyropia fucicola,Neopyropia fucicola,Neopyropia fucicola,Neopyropia fucicola,Algae,sessile,NA
Neopyropia fucicola,Neopyropia fucicola,Algae,sessile,Neopyropia fucicola,Neopyropia fucicola,Neopyropia fucicola,Neopyropia fucicola,Algae,sessile,NA
Neorhodomela aculeata,Neorhodomela aculeata,Algae,sessile,Neorhodomela aculeata,Neorhodomela aculeata,Neorhodomela aculeata,Neorhodomela aculeata,Algae,sessile,NA
Neorhodomela larix,Neorhodomela larix,Algae,sessile,Neorhodomela larix,Neorhodomela larix,Neorhodomela larix,Neorhodomela larix,Algae,sessile,NA
Neorhodomela oregona,Neorhodomela oregona,Algae,sessile,Neorhodomela oregona,Neorhodomela oregona,Neorhodomela oregona,Neorhodomela oregona,Algae,sessile,NA
Neorhodomela oregona?,Neorhodomela oregona,Algae,sessile,Neorhodomela oregona,Neorhodomela oregona,Neorhodomela oregona,Neorhodomela oregona,Algae,sessile,NA
Nereid worm,Nereid,Animal,motile,Nereid,Nereid,Nereid,Nereid,Animal,motile,NA
Nereocystis luetkeana,Nereocystis luetkeana,Algae,sessile,Nereocystis luetkeana,Nereocystis luetkeana,Nereocystis luetkeana,Nereocystis luetkeana,Algae,sessile,NA
Nienburgia prolifera,Nienburgia prolifera,Algae,sessile,Nienburgia prolifera,Nienburgia prolifera,Nienburgia prolifera,Nienburgia prolifera,Algae,sessile,NA
Nucella eggs,Nucella eggs,Animal,sessile,Nucella,Nucella,Nucella,Nucella,Animal,motile,NA
Nucella lamellosa,Nucella lamellosa,Animal,motile,Nucella lamellosa,Nucella,Nucella,Nucella,Animal,motile,NA
Nucella,Nucella sp.,Animal,motile,Nucella sp.,Nucella,Nucella,Nucella,Animal,motile,NA
Nucella sp.,Nucella sp.,Animal,motile,Nucella sp.,Nucella,Nucella,Nucella,Animal,motile,NA
Nudibranch,Nudipleura,Animal,motile,Nudipleura,Nudipleura,Nudipleura,Nudipleura,Animal,motile,NA
Odonthalia floccosa,Odonthalia floccosa,Algae,sessile,Odonthalia floccosa,Odonthalia floccosa,Odonthalia floccosa,Odonthalia floccosa,Algae,sessile,These are distinct
Odonthalia floccosa f. comosa,Odonthalia floccosa f. comosa,Algae,sessile,Odonthalia floccosa f. comosa,Odonthalia floccosa f. comosa,Odonthalia floccosa f. comosa,Odonthalia floccosa f. comosa,Algae,sessile,These are distinct
Onchidella borealis,Onchidella borealis,Animal,motile,Onchidella borealis,Onchidella,Onchidella,Onchidella,Animal,motile,NA
Onchidella,Onchidella sp.,Animal,motile,Onchidella sp.,Onchidella,Onchidella,Onchidella,Animal,motile,NA
Opuntiella californica,Opuntiella californica,Algae,sessile,Opuntiella californica,Opuntiella californica,Opuntiella californica,Opuntiella californica,Algae,sessile,NA
Osmundea spectabilis,Osmundea spectabilis,Algae,sessile,Osmundea spectabilis,Osmundea spectabilis,Osmundea spectabilis,Osmundea spectabilis,Algae,sessile,NA
Hermit crabs,Pagarus sp.,Animal,motile,Pagarus sp.,Pagarus sp.,Pagarus sp.,Pagarus sp.,Animal,motile,NA
Pagurus,Pagarus sp.,Animal,motile,Pagarus sp.,Pagarus sp.,Pagarus sp.,Pagarus sp.,Animal,motile,NA
Pagurus spp,Pagarus sp.,Animal,motile,Pagarus sp.,Pagarus sp.,Pagarus sp.,Pagarus sp.,Animal,motile,NA
Pagurus spp.,Pagarus sp.,Animal,motile,Pagarus sp.,Pagarus sp.,Pagarus sp.,Pagarus sp.,Animal,motile,NA
Palmaria hecatensis,Palmaria hecatensis,Algae,sessile,Palmaria hecatensis,Palmaria hecatensis,Palmaria hecatensis,Palmaria hecatensis,Algae,sessile,NA
Idotea,Pentidotea sp.,Animal,motile,Pentidotea sp.,Pentidotea sp.,Pentidotea sp.,Pentidotea sp.,Animal,motile,NA
Pentidotea,Pentidotea sp.,Animal,motile,Pentidotea sp.,Pentidotea sp.,Pentidotea sp.,Pentidotea sp.,Animal,motile,NA
Petalonia,Petalonia fascia,Algae,sessile,Petalonia fascia,Petalonia fascia,Petalonia fascia,Petalonia fascia,Algae,sessile,NA
Petalonia fascia,Petalonia fascia,Algae,sessile,Petalonia fascia,Petalonia fascia,Petalonia fascia,Petalonia fascia,Algae,sessile,NA
Petrocelis,Petrocelis,Algae,sessile,Petrocelis,Petrocelis,Petrocelis,Petrocelis,Algae,sessile,NA
Petrocelis thick,Petrocelis,Algae,sessile,Petrocelis,Petrocelis,Petrocelis,Petrocelis,Algae,sessile,NA
Petrocelis thin,Petrocelis,Algae,sessile,Petrocelis,Petrocelis,Petrocelis,Petrocelis,Algae,sessile,NA
Peyssonnelia,Peyssonnelia sp.,Algae,sessile,Peyssonnelia sp.,Peyssonnelia sp.,Peyssonnelia sp.,Peyssonnelia sp.,Algae,sessile,NA
Peyssonnelia sp.,Peyssonnelia sp.,Algae,sessile,Peyssonnelia sp.,Peyssonnelia sp.,Peyssonnelia sp.,Peyssonnelia sp.,Algae,sessile,NA
Pholidae,Pholidae,Animal,motile,Pholidae,Pholidae,Pholidae,Pholidae,Animal,motile,NA
Phyllospadix scouleri,Phyllospadix scouleri,Algae,sessile,Phyllospadix scouleri,Phyllospadix spp.,Phyllospadix spp.,Phyllospadix spp.,Algae,sessile,NA
Phyllospadix serrulatus,Phyllospadix serrulatus,Algae,sessile,Phyllospadix serrulatus,Phyllospadix spp.,Phyllospadix spp.,Phyllospadix spp.,Algae,sessile,NA
Phyllospadix,Phyllospadix sp.,Algae,sessile,Phyllospadix sp.,Phyllospadix spp.,Phyllospadix spp.,Phyllospadix spp.,Algae,sessile,TRY TO FIGURE OUT FROM LOCATION
Phyllospadix torreyi,Phyllospadix torreyi,Algae,sessile,Phyllospadix torreyi,Phyllospadix spp.,Phyllospadix spp.,Phyllospadix spp.,Algae,sessile,NA
Phyllospadix torreyi,Phyllospadix torreyi,Algae,sessile,Phyllospadix torreyi,Phyllospadix spp.,Phyllospadix spp.,Phyllospadix spp.,Algae,sessile,NA
Pisaster,Pisaster ochraceus,Animal,motile,Pisaster ochraceus,Pisaster ochraceus,Pisaster ochraceus,Pisaster ochraceus,Animal,motile,NA
Pisaster ochraceous,Pisaster ochraceus,Animal,motile,Pisaster ochraceus,Pisaster ochraceus,Pisaster ochraceus,Pisaster ochraceus,Animal,motile,NA
Pisaster ochraceus,Pisaster ochraceus,Animal,motile,Pisaster ochraceus,Pisaster ochraceus,Pisaster ochraceus,Pisaster ochraceus,Animal,motile,NA
Pisaster or similar sea star,Pisaster ochraceus,Animal,motile,Pisaster ochraceus,Pisaster ochraceus,Pisaster ochraceus,Pisaster ochraceus,Animal,motile,NA
Pleonosporium vancouverianum,Pleonosporium vancouverianum,Algae,sessile,Pleonosporium vancouverianum,Pleonosporium vancouverianum,Pleonosporium vancouverianum,Pleonosporium vancouverianum,Algae,sessile,NA
Plocamium pacificum,Plocamium pacificum,Algae,sessile,Plocamium pacificum,Plocamium pacificum,Plocamium pacificum,Plocamium pacificum,Algae,sessile,NA
Plocamium violaceum,Plocamium violaceum,Algae,sessile,Plocamium violaceum,Plocamium violaceum,Plocamium violaceum,Plocamium violaceum,Algae,sessile,NA
Pododesmus,Pododesmus sp.,Animal,sessile,Pododesmus sp.,Pododesmus sp.,Pododesmus sp.,Pododesmus sp.,Animal,sessile,NA
"Barnacles, goose-necked",Pollicipes polymerus,Animal,sessile,Pollicipes polymerus,Pollicipes polymerus,Pollicipes polymerus,Pollicipes polymerus,Animal,sessile,NA
Gooseneck barnacles,Pollicipes polymerus,Animal,sessile,Pollicipes polymerus,Pollicipes polymerus,Pollicipes polymerus,Pollicipes polymerus,Animal,sessile,NA
Pollicipes polymerus,Pollicipes polymerus,Animal,motile,Pollicipes polymerus,Pollicipes polymerus,Pollicipes polymerus,Pollicipes polymerus,Animal,sessile,NA
Pollicipes,Pollicipes polymerus,Animal,motile,Pollicipes polymerus,Pollicipes polymerus,Pollicipes polymerus,Pollicipes polymerus,Animal,sessile,NA
Polychaete,Polychaete,Animal,motile,Polychaete,Polychaete,Polychaete,Polychaete,Animal,motile,NA
Phycodrys fimbriata ?,Polyneura latissima,Algae,sessile,Polyneura latissima,Polyneura latissima,Polyneura latissima,Polyneura latissima,Algae,sessile,NA
Phycodrys?,Polyneura latissima,Algae,sessile,Polyneura latissima,Polyneura latissima,Polyneura latissima,Polyneura latissima,Algae,sessile,NA
Polyneura latissima,Polyneura latissima,Algae,sessile,Polyneura latissima,Polyneura latissima,Polyneura latissima,Polyneura latissima,Algae,sessile,NA
Polysiphonia brodiei,Polysiphonia brodiei,Algae,sessile,Polysiphonia brodiei,Polysiphonia,Polysiphonia,Polysiphonia,Algae,sessile,Likely need to lump these
Polysiphonia hendryi,Polysiphonia hendryi,Algae,sessile,Polysiphonia hendryi,Polysiphonia,Polysiphonia,Polysiphonia,Algae,sessile,Likely need to lump these
Polysiphonia hendryi var. garderi,Polysiphonia hendryi var. gardneri,Algae,sessile,Polysiphonia hendryi var. gardneri,Polysiphonia,Polysiphonia,Polysiphonia,Algae,sessile,Likely need to lump these
Polysiphonia hendryi var. gardneri,Polysiphonia hendryi var. gardneri,Algae,sessile,Polysiphonia hendryi var. gardneri,Polysiphonia,Polysiphonia,Polysiphonia,Algae,sessile,Likely need to lump these
Polysiphonia hendryi var. hendryi,Polysiphonia hendryi var. hendryi,Algae,sessile,Polysiphonia hendryi var. hendryi,Polysiphonia,Polysiphonia,Polysiphonia,Algae,sessile,Likely need to lump these
Polysiphonia hendryi var. luxuriens,Polysiphonia hendryi var. luxuriens,Algae,sessile,Polysiphonia hendryi var. luxuriens,Polysiphonia,Polysiphonia,Polysiphonia,Algae,sessile,Likely need to lump these
Polsiphonia pacifica,Polysiphonia pacifica,Algae,sessile,Polysiphonia pacifica,Polysiphonia,Polysiphonia,Polysiphonia,Algae,sessile,Likely need to lump these
Polysiphonia pacifica,Polysiphonia pacifica,Algae,sessile,Polysiphonia pacifica,Polysiphonia,Polysiphonia,Polysiphonia,Algae,sessile,Likely need to lump these
Polysiphonia pacifica? turf,Polysiphonia pacifica,Algae,sessile,Polysiphonia pacifica,Polysiphonia,Polysiphonia,Polysiphonia,Algae,sessile,Likely need to lump these
Polysiphonia pacifica var delicatula,Polysiphonia pacifica var delicatula,Algae,sessile,Polysiphonia pacifica var delicatula,Polysiphonia,Polysiphonia,Polysiphonia,Algae,sessile,Likely need to lump these
Polysiphonia pacifica var distans,Polysiphonia pacifica var. distans,Algae,sessile,Polysiphonia pacifica var. distans,Polysiphonia,Polysiphonia,Polysiphonia,Algae,sessile,NA
Polysiphonia paniculata,Polysiphonia paniculata,Algae,sessile,Polysiphonia paniculata,Polysiphonia,Polysiphonia,Polysiphonia,Algae,sessile,Likely need to lump these
Polysiphonia,Polysiphonia sp.,Algae,sessile,Polysiphonia sp.,Polysiphonia,Polysiphonia,Polysiphonia,Algae,sessile,Likely need to lump these
Polysiphonia sp.,Polysiphonia sp.,Algae,sessile,Polysiphonia sp.,Polysiphonia,Polysiphonia,Polysiphonia,Algae,sessile,Likely need to lump these
Polysiphonia spp,Polysiphonia sp.,Algae,sessile,Polysiphonia sp.,Polysiphonia,Polysiphonia,Polysiphonia,Algae,sessile,Likely need to lump these
Polysiphonia stricta / senticulosa,Polysiphonia sp.,Algae,sessile,Polysiphonia sp.,Polysiphonia,Polysiphonia,Polysiphonia,Algae,sessile,Likely need to lump these
Orange sponge,Porifera,Animal,sessile,Porifera,Porifera,Tunicata/Porifera,Tunicata/Porifera,Animal,sessile,NA
Orange Sponge,Porifera,Animal,sessile,Porifera,Porifera,Tunicata/Porifera,Tunicata/Porifera,Animal,sessile,NA
Purple sponge,Porifera,Animal,sessile,Porifera,Porifera,Tunicata/Porifera,Tunicata/Porifera,Animal,sessile,NA
Sponge,Porifera,Animal,sessile,Porifera,Porifera,Tunicata/Porifera,Tunicata/Porifera,Animal,sessile,NA
Tan Sponge,Porifera,Animal,sessile,Porifera,Porifera,Tunicata/Porifera,Tunicata/Porifera,Animal,sessile,NA
Unknown orange sponge,Porifera,Animal,sessile,Porifera,Porifera,Tunicata/Porifera,Tunicata/Porifera,Animal,sessile,NA
Porifera,Porifera,Animal,sessile,Porifera,Porifera,Tunicata/Porifera,Tunicata/Porifera,Animal,sessile,NA
Porphyrella gardneri,Porphyrella gardneri,Algae,sessile,Porphyrella gardneri,Porphyrella gardneri,Porphyrella gardneri,Pyropia/Neoporphyra/Porphyrella,Algae,sessile,NA
Pyropia gardneri,Porphyrella gardneri,Algae,sessile,Porphyrella gardneri,Porphyrella gardneri,Porphyrella gardneri,Pyropia/Neoporphyra/Porphyrella,Algae,sessile,NA
Prionitis sternbergii lanceolata,Prionitis sp.,Algae,sessile,Prionitis sp.,Prionitis,Prionitis,Prionitis,Algae,sessile,NA
Prionitis lanceolata,Prionitis sp.,Algae,sessile,Prionitis sp.,Prionitis,Prionitis,Prionitis,Algae,sessile,NA
Prionitis lanceoloata,Prionitis sp.,Algae,sessile,Prionitis sp.,Prionitis,Prionitis,Prionitis,Algae,sessile,NA
Prionitis?,Prionitis sp.,Algae,sessile,Prionitis sp.,Prionitis,Prionitis,Prionitis,Algae,sessile,NA
Prionitis sternbergii,Prionitis sternbergii,Algae,sessile,Prionitis sternbergii,Prionitis,Prionitis,Prionitis,Algae,sessile,specific epithet changed in 2019
Pterocladiella caloglossoides,Pterocladiella caloglossoides,Algae,sessile,Pterocladiella caloglossoides,Pterocladiella caloglossoides,Pterocladiella caloglossoides,Pterocladiella caloglossoides,Algae,sessile,NA
Pterosiphonia gracilis,Pterosiphonia gracilis,Algae,sessile,Symphyocladia plumosa,Symphyocladia plumosa,Symphyocladia plumosa,Symphyocladia plumosa,Algae,sessile,changed in 2019
Pterosiphonia,Pterosiphonia sp.,Algae,sessile,Pterosiphonia sp.,Pterosiphonia sp.,Pterosiphonia sp.,Pterosiphonia sp.,Algae,sessile,NA
Pterygophora californica,Pterygophora californica,Algae,sessile,Pterygophora californica,Pterygophora californica,Pterygophora californica,Pterygophora californica,Algae,sessile,NA
Ptilota serrata,Ptilota filicina,Algae,sessile,Ptilota filicina,Ptilota filicina,Ptilota filicina,Ptilota filicina,Algae,sessile,NA
Ptilota serrata filicina,Ptilota filicina,Algae,sessile,Ptilota filicina,Ptilota filicina,Ptilota filicina,Ptilota filicina,Algae,sessile,NA
Ptilota filicina,Ptilota filicina,Algae,sessile,Ptilota filicina,Ptilota filicina,Ptilota filicina,Ptilota filicina,Algae,sessile,NA
Ptilota sp.,Ptilota filicina,Algae,sessile,Ptilota filicina,Ptilota filicina,Ptilota filicina,Ptilota filicina,Algae,sessile,NA
Ptilota spp.,Ptilota filicina,Algae,sessile,Ptilota filicina,Ptilota filicina,Ptilota filicina,Ptilota filicina,Algae,sessile,NA
Ptilota tenuis,Ptilota filicina,Algae,sessile,Ptilota filicina,Ptilota filicina,Ptilota filicina,Ptilota filicina,Algae,sessile,NA
Kelp crab,Pugettia producta,Animal,motile,Pugettia producta,Pugettia,Pugettia,Pugettia,Animal,motile,NA
Pugettia producta,Pugettia producta,Animal,motile,Pugettia producta,Pugettia,Pugettia,Pugettia,Animal,motile,NA
Pugettia,Pugettia sp.,Animal,motile,Pugettia sp.,Pugettia,Pugettia,Pugettia,Animal,motile,NA
Punctaria,Punctaria sp.,Algae,sessile,Punctaria sp.,Punctaria sp.,Punctaria sp.,Punctaria sp.,Algae,sessile,NA
Punctaria sp.,Punctaria sp.,Algae,sessile,Punctaria sp.,Punctaria sp.,Punctaria sp.,Punctaria sp.,Algae,sessile,NA
Pycnopodia,Pycnopodia helianthoides,Animal,motile,Pycnopodia helianthoides,Pycnopodia helianthoides,Pycnopodia helianthoides,Pycnopodia helianthoides,Animal,motile,NA
Pylaiella littoralis,Pylaiella littoralis,Algae,sessile,Pylaiella littoralis,Pylaiella littoralis,Pylaiella littoralis,Pylaiella littoralis,Algae,sessile,NA
Porphyra abbottiae,Pyropia abbottiae,Algae,sessile,Pyropia abbottiae,Pyropia abbottiae,Pyropia,Pyropia/Neoporphyra/Porphyrella,Algae,sessile,NA
Porphyra abbottiea,Pyropia abbottiae,Algae,sessile,Pyropia abbottiae,Pyropia abbottiae,Pyropia,Pyropia/Neoporphyra/Porphyrella,Algae,sessile,NA
Pyropia abbottiae,Pyropia abbottiae,Algae,sessile,Pyropia abbottiae,Pyropia abbottiae,Pyropia,Pyropia/Neoporphyra/Porphyrella,Algae,sessile,NA
Pyropia fallax,Pyropia fallax,Algae,sessile,Pyropia fallax,Pyropia fallax,Pyropia,Pyropia/Neoporphyra/Porphyrella,Algae,sessile,NA
Pyropia pulchra,Pyropia pulchra,Algae,sessile,Pyropia pulchra,Pyropia pulchra,Pyropia,Pyropia/Neoporphyra/Porphyrella,Algae,sessile,NA
Pyropia smithii,Pyropia pulchra,Algae,sessile,Pyropia pulchra,Pyropia pulchra,Pyropia,Pyropia/Neoporphyra/Porphyrella,Algae,sessile,NA
Pyropia sp.,Pyropia sp.,Algae,sessile,Pyropia sp.,Pyropia sp.,Pyropia,Pyropia/Neoporphyra/Porphyrella,Algae,sessile,TRY TO FIGURE OUT FROM LOCATION
Ralfisa,Ralfsioid,Algae,sessile,Ralfsioid,Ralfsioid,Ralfsioid,Ralfsioid,Algae,sessile,NA
Ralfsia,Ralfsioid,Algae,sessile,Ralfsioid,Ralfsioid,Ralfsioid,Ralfsioid,Algae,sessile,NA
Ralfsia fungiformis,Ralfsioid,Algae,sessile,Ralfsioid,Ralfsioid,Ralfsioid,Ralfsioid,Algae,sessile,NA
Ralfsia pacifica,Ralfsioid,Algae,sessile,Ralfsioid,Ralfsioid,Ralfsioid,Ralfsioid,Algae,sessile,NA
Ralfsia sp,Ralfsioid,Algae,sessile,Ralfsioid,Ralfsioid,Ralfsioid,Ralfsioid,Algae,sessile,NA
Ralfsia sp [brown crust],Ralfsioid,Algae,sessile,Ralfsioid,Ralfsioid,Ralfsioid,Ralfsioid,Algae,sessile,NA
Ralfsia sp.,Ralfsioid,Algae,sessile,Ralfsioid,Ralfsioid,Ralfsioid,Ralfsioid,Algae,sessile,NA
Rhizoclonium tortuosum,Rhizoclonium tortuosum,Algae,sessile,Rhizoclonium tortuosum,Rhizoclonium tortuosum,Rhizoclonium tortuosum,Rhizoclonium tortuosum,Algae,sessile,NA
Rhodochorton purpureum,Rhodochorton purpureum,Algae,sessile,Rhodochorton purpureum,Rhodochorton purpureum,Rhodochorton purpureum,Rhodochorton purpureum,Algae,sessile,NA
Rhodocorton purpureum,Rhodochorton purpureum,Algae,sessile,Rhodochorton purpureum,Rhodochorton purpureum,Rhodochorton purpureum,Rhodochorton purpureum,Algae,sessile,NA
Rhodymenia sp.,Rhodymenia sp.,Algae,sessile,Rhodymenia sp.,Rhodymenia sp.,Rhodymenia sp.,Rhodymenia sp.,Algae,sessile,NA
Riterella pulchra,Riterella pulchra,Animal,sessile,Riterella pulchra,Tunicata,Tunicata/Porifera,Tunicata/Porifera,Animal,sessile,NA
Saccharina latissima,Saccharina latissima,Algae,sessile,Saccharina latissima,Saccharina latissima,Saccharina latissima,Saccharina latissima,Algae,sessile,NA
Saccharina latissimus,Saccharina latissima,Algae,sessile,Saccharina latissima,Saccharina latissima,Saccharina latissima,Saccharina latissima,Algae,sessile,NA
Pugetia firma,Salishia firma,Algae,sessile,Salishia firma,Salishia firma,Salishia firma,Salishia firma,Algae,sessile,NA
Pugettia firma,Salishia firma,Algae,sessile,Salishia firma,Salishia firma,Salishia firma,Salishia firma,Algae,sessile,NA
Salishia firma,Salishia firma,Algae,sessile,Salishia firma,Salishia firma,Salishia firma,Salishia firma,Algae,sessile,NA
Sand,Sand,Substratum,NA,Sand,Sand,Sand,Sand,Substratum,NA,NA
Sargassum muticum,Sargassum muticum,Algae,sessile,Sargassum muticum,Sargassum muticum,Sargassum muticum,Sargassum muticum,Algae,sessile,NA
Pterosiphonia bipinata,Savoiea robusta,Algae,sessile,Savoiea robusta,Savoiea robusta,Savoiea robusta,Savoiea robusta,Algae,sessile,added in 2019
Pterosiphonia bipinnata,Savoiea robusta,Algae,sessile,Savoiea robusta,Savoiea robusta,Savoiea robusta,Savoiea robusta,Algae,sessile,added in 2019
Savoiea robusta,Savoiea robusta,Algae,sessile,Savoiea robusta,Savoiea robusta,Savoiea robusta,Savoiea robusta,Algae,sessile,added in 2019
Scagelia occidentale,Scagelia occidentale,Algae,sessile,Scagelia occidentale,Scagelia occidentale,Scagelia occidentale,Scagelia occidentale,Algae,sessile,NA
Schizymenia pacifica,Schizymenia pacifica,Algae,sessile,Schizymenia pacifica,Schizymenia pacifica,Schizymenia pacifica,Schizymenia pacifica,Algae,sessile,NA
Scytosiphon dotyi,Scytosiphon dotyi,Algae,sessile,Scytosiphon dotyi,Scytosiphon dotyi,Scytosiphon dotyi,Scytosiphon dotyi,Algae,sessile,NA
Sytosiphon dotyi,Scytosiphon dotyi,Algae,sessile,Scytosiphon dotyi,Scytosiphon dotyi,Scytosiphon dotyi,Scytosiphon dotyi,Algae,sessile,NA
Scytosiphon lomentaria,Scytosiphon lomentaria,Algae,sessile,Scytosiphon lomentaria,Scytosiphon lomentaria,Scytosiphon lomentaria,Scytosiphon lomentaria,Algae,sessile,NA
Scytosiphon lomentarii,Scytosiphon lomentaria,Algae,sessile,Scytosiphon lomentaria,Scytosiphon lomentaria,Scytosiphon lomentaria,Scytosiphon lomentaria,Algae,sessile,NA
Sea stars,Sea star,Animal,motile,Sea star,Sea star,Sea star,Sea star,Animal,motile,NA
"Barnacles, acorn",Semibalanus cariosus,Animal,sessile,Semibalanus cariosus,Barnacles,Barnacles,Barnacles,Animal,sessile,NA
Semibalanus cariosus,Semibalanus cariosus,Animal,sessile,Semibalanus cariosus,Barnacles,Barnacles,Barnacles,Animal,sessile,NA
Semibalanus sp.,Semibalanus cariosus,Animal,sessile,Semibalanus cariosus,Barnacles,Barnacles,Barnacles,Animal,sessile,NA
Shrimp,Shrimp,Animal,motile,Shrimp,Shrimp,Shrimp,Shrimp,Animal,motile,NA
Smithora naiadum,Smithora naiadum,Algae,sessile,Smithora naiadum,Smithora naiadum,Smithora naiadum,Smithora naiadum,Algae,sessile,NA
Margarites or Calliostoma,Snail,Animal,motile,Snail,Snail,Snail,Snail,Animal,motile,NA
Snail,Snail,Animal,motile,Snail,Snail,Snail,Snail,Animal,motile,NA
Other snails,Snail,Animal,motile,Snail,Snail,Snail,Snail,Animal,motile,NA
Soranthera ulvoidea,Soranthera ulvoidea,Algae,sessile,Soranthera ulvoidea,Soranthera ulvoidea,Soranthera ulvoidea,Soranthera ulvoidea,Algae,sessile,NA
Sparlingia pertusa,Sparlingia pertusa,Algae,sessile,Sparlingia pertusa,Sparlingia pertusa,Sparlingia pertusa,Sparlingia pertusa,Algae,sessile,NA
Sphacelaria rigidula,Sphacelaria rigidula,Algae,sessile,Sphacelaria rigidula,Sphacelaria rigidula,Sphacelaria rigidula,Sphacelaria rigidula,Algae,sessile,NA
Spirorbidae,Spirorbidae,Animal,sessile,Spirorbidae,Spirorbidae,Tube worms,Tube worms,Animal,sessile,NA
Spirorbis,Spirorbis,Animal,sessile,Spirorbis,Spirorbis,Tube worms,Tube worms,Animal,sessile,NA
Green urchin,Strongylocentrotus droebachiensis,Animal,motile,Strongylocentrotus droebachiensis,Strongylocentrotus droebachiensis,Strongylocentrotus droebachiensis,Strongylocentrotus droebachiensis,Animal,motile,NA
Purple urchin,Strongylocentrotus purpuratus,Animal,sessile,Strongylocentrotus purpuratus,Strongylocentrotus purpuratus,Strongylocentrotus purpuratus,Strongylocentrotus purpuratus,Animal,motile,NA
Purple Urchin,Strongylocentrotus purpuratus,Animal,motile,Strongylocentrotus purpuratus,Strongylocentrotus purpuratus,Strongylocentrotus purpuratus,Strongylocentrotus purpuratus,Animal,motile,NA
Strongylocentrotus purpuratus,Strongylocentrotus purpuratus,Animal,motile,Strongylocentrotus purpuratus,Strongylocentrotus purpuratus,Strongylocentrotus purpuratus,Strongylocentrotus purpuratus,Animal,motile,NA
Styela,Styela sp.,Animal,sessile,Styela sp.,Styela sp.,Styela sp.,Styela sp.,Animal,sessile,NA
Styella,Styela sp.,Animal,sessile,Styela sp.,Styela sp.,Styela sp.,Styela sp.,Animal,sessile,NA
Pterosiphonia dendroidea,Symphyocladiella dendroidea,Algae,sessile,Symphyocladiella dendroidea,Symphyocladiella dendroidea,Symphyocladiella dendroidea,Symphyocladiella dendroidea,Algae,sessile,name changed in 2019
Symphyocladiella dendroidea,Symphyocladiella dendroidea,Algae,sessile,Symphyocladiella dendroidea,Symphyocladiella dendroidea,Symphyocladiella dendroidea,Symphyocladiella dendroidea,Algae,sessile,name changed in 2019
Chlorostoma,Tegula sp.,Animal,motile,Tegula sp.,Tegula sp.,Tegula sp.,Tegula sp.,Animal,motile,NA
Chlorostoma snails,Tegula sp.,Animal,motile,Tegula sp.,Tegula sp.,Tegula sp.,Tegula sp.,Animal,motile,NA
Tegula,Tegula sp.,Animal,motile,Tegula sp.,Tegula sp.,Tegula sp.,Tegula sp.,Animal,motile,NA
Tiffaniella snyderae,Tiffaniella snyderae,Algae,sessile,Tiffaniella snyderae,Tiffaniella snyderae,Tiffaniella snyderae,Tiffaniella snyderae,Algae,sessile,NA
Tokidadendron bullatum,Tokidadendron bullatum,Algae,sessile,Tokidadendron bullatum,Tokidadendron bullatum,Tokidadendron bullatum,Tokidadendron bullatum,Algae,sessile,NA
Tonicella lineata,Tonicella lineata,Animal,motile,Tonicella lineata,Tonicella lineata,Tonicella lineata,Tonicella lineata,Animal,motile,NA
Tonicella,Tonicella sp.,Animal,motile,Tonicella sp.,Tonicella sp.,Tonicella sp.,Tonicella sp.,Animal,motile,NA
Sandy worm tubes,Tube worm,Animal,sessile,Tube worm,Tube worm,Tube worm,Tube worm,Animal,sessile,NA
Tube worm,Tube worm,Animal,sessile,Tube worm,Tube worm,Tube worm,Tube worm,Animal,sessile,NA
Tube worms,Tube worm,Animal,sessile,Tube worm,Tube worm,Tube worm,Tube worm,Animal,sessile,NA
Tube worms small,Tube worm,Animal,sessile,Tube worm,Tube worm,Tube worm,Tube worm,Animal,sessile,NA
Spirorbid tube worm,Tube worm,Animal,sessile,Tube worm,Tube worm,Tube worm,Tube worm,Animal,sessile,NA
Encrusting tunicate,Tunicata,Animal,sessile,Tunicata,Tunicata,Tunicata/Porifera,Tunicata/Porifera,Animal,sessile,NA
Orange tunicate,Tunicata,Animal,sessile,Tunicata,Tunicata,Tunicata/Porifera,Tunicata/Porifera,Animal,sessile,NA
Stalked tunicate,Tunicata,Animal,sessile,Tunicata,Tunicata,Tunicata/Porifera,Tunicata/Porifera,Animal,sessile,NA
Tunicate,Tunicata,Animal,sessile,Tunicata,Tunicata,Tunicata/Porifera,Tunicata/Porifera,Animal,sessile,NA
Unknown peach tunicate,Tunicata,Animal,sessile,Tunicata,Tunicata,Tunicata/Porifera,Tunicata/Porifera,Animal,sessile,NA
Tunicate/Sponge,Tunicata/Porifera,Animal,sessile,Tunicata/Porifera,Tunicata/Porifera,Tunicata/Porifera,Tunicata/Porifera,Animal,sessile,NA
Ulothrix palusalsa,Ulothrix palusalsa,Algae,sessile,Ulothrix palusalsa,Ulothrix palusalsa,Ulothrix palusalsa,Ulothrix palusalsa,Algae,sessile,NA
Ulothrix/Urospora,Ulothrix-Urospora sp.,Algae,sessile,Ulothrix-Urospora sp.,Ulothrix-Urospora sp.,Ulothrix-Urospora sp.,Ulothrix-Urospora sp.,Algae,sessile,NA
Ulva expansa,Ulva expansa,Algae,sessile,Ulva expansa,Ulva expansa,Ulva,Ulva,Algae,sessile,added in 2019
Ulva fenestrata,Ulva fenestrata,Algae,sessile,Ulva fenestrata,Ulva fenestrata,Ulva,Ulva,Algae,sessile,resurrected in 2019
Ulva lactuca,Ulva fenestrata,Algae,sessile,Ulva fenestrata,Ulva fenestrata,Ulva,Ulva,Algae,sessile,resurrected in 2019
Ulva intestinalis,Ulva intestinalis,Algae,sessile,Ulva intestinalis,Ulva intestinalis,Ulva,Ulva,Algae,sessile,NA
Ulva linza,Ulva linza,Algae,sessile,Ulva linza,Ulva linza,Ulva,Ulva,Algae,sessile,NA
Ulva lobata,Ulva lobata,Algae,sessile,Ulva lobata,Ulva lobata,Ulva,Ulva,Algae,sessile,NA
Ulva prolifera,Ulva prolifera,Algae,sessile,Ulva prolifera,Ulva prolifera,Ulva,Ulva,Algae,sessile,NA
Ulva sp.,Ulva sp.,Algae,sessile,Ulva sp.,Ulva lactuca,Ulva,Ulva,Algae,sessile,Try tO FIGURE OUT FROM LOCATION
Red Crust,Unknown crust,Algae,sessile,Unknown crust,Unknown crust,Unknown crust,Unknown crust,Algae,sessile,NA
Unknown black crust,Unknown crust,Algae,sessile,Unknown crust,Unknown crust,Unknown crust,Unknown crust,Algae,sessile,NA
Unknown brown crust,Unknown crust,Algae,sessile,Unknown crust,Unknown crust,Unknown crust,Unknown crust,Algae,sessile,NA
Unknown red crust,Unknown crust,Algae,sessile,Unknown crust,Unknown crust,Unknown crust,Unknown crust,Algae,sessile,NA
Unknown red blade,Unknown red blade,Algae,sessile,Unknown red blade,Unknown red blade,Unknown red blade,Unknown red blade,Algae,sessile,NA
Unidentified turf,Unknown turf,Algae,sessile,Unknown turf,Unknown turf,Unknown turf,Unknown turf,Algae,sessile,NA
Wildmania cuneformis,Wildemania amplissima,Algae,sessile,Wildemania amplissima,Wildemania amplissima,Wildemania,Wildemania,Algae,sessile,NA
Wildmania cuneiformis,Wildemania amplissima,Algae,sessile,Wildemania amplissima,Wildemania amplissima,Wildemania,Wildemania,Algae,sessile,NA
Wildemania cuneiformis,Wildemania amplissima,Algae,sessile,Wildemania amplissima,Wildemania amplissima,Wildemania,Wildemania,Algae,sessile,NA
Wildemania cuneformis,Wildemania amplissima,Algae,sessile,Wildemania amplissima,Wildemania amplissima,Wildemania,Wildemania,Algae,sessile,NA
Wildemania norrisii,Wildemania norrisii,Algae,sessile,Wildemania norrisii,Wildemania norrisii,Wildemania,Wildemania,Algae,sessile,NA
Wildmania norrisii,Wildemania norrisii,Algae,sessile,Wildemania norrisii,Wildemania norrisii,Wildemania,Wildemania,Algae,sessile,NA
Pyropia schizophylla,Wildemania schizophylla,Algae,sessile,Wildemania schizophylla,Wildemania schizophylla,Wildemania,Wildemania,Algae,sessile,NA
Porphyra schizophylla,Wildemania schizophylla,Algae,sessile,Wildemania schizophylla,Wildemania schizophylla,Wildemania,Wildemania,Algae,sessile,NA
WOOD,Wood,Substratum,NA,Wood,Wood,Wood,Wood,Substratum,NA,NA
Pink Worm,Worm,Animal,motile,Worm,Worm,Worm,Worm,Animal,motile,NA
Worm,Worm,Animal,motile,Worm,Worm,Worm,Worm,Animal,motile,NA
Burrowing worm,Worm,Animal,motile,Worm,Worm,Worm,Worm,Animal,motile,NA
CORALLINE,,Algae,sessile,NA,NA,NA,NA,NA,NA,NA
(SESSILE INVERTS ),,Animal,sessile,NA,NA,NA,NA,NA,NA,NA
