taxon_corrected,taxon_revised,taxon_lumped,taxon_lumped2,taxon_lumped3,non.alga.flag,motile_sessile,Notes
Acmaea mitra,Acmaea mitra,Acmaea mitra,Acmaea mitra,Acmaea mitra,Animal,motile,
Acrochaetium sp.,Acrochaetium sp.,Acrochaetium sp.,Acrochaetium sp.,Acrochaetium sp.,Algae,sessile,
Acrosiphonia arcta,Acrosiphonia arcta,Acrosiphonia,Acrosiphonia,Acrosiphonia,Algae,sessile,
Acrosiphonia coalita,Acrosiphonia coalita,Acrosiphonia,Acrosiphonia,Acrosiphonia,Algae,sessile,
Acrosiphonia sp.,Acrosiphonia sp.,Acrosiphonia,Acrosiphonia,Acrosiphonia,Algae,sessile,
Acrosiphonia spp.,Acrosiphonia spp.,Acrosiphonia,Acrosiphonia,Acrosiphonia,Algae,sessile,
Ahnfeltia fastigiata,Ahnfeltia fastigiata,Ahnfeltia fastigiata,Ahnfeltia fastigiata,Ahnfeltia fastigiata,Algae,sessile,
Alaria marginata,Alaria marginata,Alaria marginata,Alaria marginata,Alaria marginata,Algae,sessile,
Amphipoda,Amphipoda,Amphipoda,Amphipoda,Amphipoda,Animal,motile,
Amphiporus,Amphiporus,Amphiporus,Amphiporus,Amphiporus,Animal,motile,
Amphissa sp.,Amphissa sp.,Amphissa sp.,Amphissa sp.,Amphissa sp.,Animal,motile,
Analipus japonicus,Analipus japonicus,Analipus japonicus,Analipus japonicus,Analipus japonicus,Algae,sessile,
Anemone,Anemone,Anemone,Anemone,Anemone,Animal,sessile,
Anthopleura elegantissima,Anthopleura elegantissima,Anthopleura sp.,Anemone,Anemone,Animal,sessile,
Anthopleura sp.,Anthopleura sp.,Anthopleura sp.,Anemone,Anemone,Animal,sessile,
Anthopleura xanthogrammica,Anthopleura xanthogrammica,Anthopleura sp.,Anemone,Anemone,Animal,sessile,
Antithamnion defectum,Antithamnion defectum,Antithamnion defectum,Antithamnion defectum,Antithamnion defectum,Algae,sessile,
Antithamnionella pacifica,Antithamnionella pacifica,Antithamnionella pacifica,Antithamnionella pacifica,Antithamnionella pacifica,Algae,sessile,
Balanus glandula,Balanus glandula,Barnacles,Barnacles,Barnacles,Animal,sessile,
Balanus sp.,Balanus sp.,Barnacles,Barnacles,Barnacles,Animal,sessile,
Bangia sp.,Bangia sp.,Bangia sp.,Bangia sp.,Bangia sp.,Algae,sessile,
Bare rock,Bare rock,Bare rock,Bare rock,Bare rock,Substratum,NA,
bare rock,bare rock,Bare rock,Bare rock,Bare rock,Substratum,NA,
Barnacle,Barnacle,Barnacles,Barnacles,Barnacles,Animal,sessile,
Bittium,Bittium,Bittium,Bittium,Bittium,Animal,motile,
Black spots on Fucus,Black spots on Fucus,Black spots on Fucus,Black spots on Fucus,Black spots on Fucus,NA,sessile,
Blidingia dawsonii,Blidingia dawsonii,Blidingia,Blidingia,Blidingia,Algae,sessile,
Blidingia minima,Blidingia minima,Blidingia,Blidingia,Blidingia,Algae,sessile,
Blidingia sp.,Blidingia sp.,Blidingia,Blidingia,Blidingia,Algae,sessile,
Bossiella californica,Bossiella californica,Bossiella_articulate,Bossiella_articulate,Bossiella_articulate,Algae,sessile,
Bossiella dichotoma,Bossiella dichotoma,Bossiella_articulate,Bossiella_articulate,Bossiella_articulate,Algae,sessile,
Bossiella exarticulata,Bossiella exarticulata,Bossiella_crust,Bossiella_crust,coralline crust,Algae,sessile,taxon_lumped3 to coralline crust 20200421 by Matt Whalen
Bossiella flexulosa,Bossiella flexulosa,Bossiella_articulate,Bossiella_articulate,Bossiella_articulate,Algae,sessile,
Bossiella frondescens,Bossiella frondescens,Bossiella_articulate,Bossiella_articulate,Bossiella_articulate,Algae,sessile,
Bossiella frondifera,Bossiella frondifera,Bossiella_articulate,Bossiella_articulate,Bossiella_articulate,Algae,sessile,
Bossiella hakaiensis,Bossiella hakaiensis,Bossiella_articulate,Bossiella_articulate,Bossiella_articulate,Algae,sessile,
Bossiella manzae,Bossiella manzae,Bossiella_articulate,Bossiella_articulate,Bossiella_articulate,Algae,sessile,
Bossiella mayae,Bossiella mayae,Bossiella_crust,Bossiella_crust,coralline crust,Algae,sessile,taxon_lumped3 to coralline crust 20200421 by Matt Whalen
Bossiella plumosa,Bossiella plumosa,Bossiella_articulate,Bossiella_articulate,Bossiella_articulate,Algae,sessile,
Bossiella pseudodichotoma,Bossiella pseudodichotoma,Bossiella_articulate,Bossiella_articulate,Bossiella_articulate,Algae,sessile,
Bossiella reptans,Bossiella reptans,Bossiella_articulate,Bossiella_articulate,Bossiella_articulate,Algae,sessile,
Bossiella sp.,Bossiella sp.,Bossiella_articulate,Bossiella_articulate,Bossiella_articulate,Algae,sessile,
Bossiella sp. (crust),Bossiella sp. (crust),Bossiella_crust,Bossiella_crust,coralline crust,Algae,sessile,taxon_lumped3 to coralline crust 20200421 by Matt Whalen
Bossiella sp.2 chiloensis,Bossiella sp.2 chiloensis,Bossiella_articulate,Bossiella_articulate,Bossiella_articulate,Algae,sessile,
Bossiella sp.4 chiloensis,Bossiella sp.4 chiloensis,Bossiella_articulate,Bossiella_articulate,Bossiella_articulate,Algae,sessile,
Bossiella sp.5 chiloensis,Bossiella sp.5 chiloensis,Bossiella_articulate,Bossiella_articulate,Bossiella_articulate,Algae,sessile,
Brittle star,Brittle star,Brittle star,Brittle star,Brittle star,Animal,motile,
Brown crust,Brown crust,Ralfsioid,Ralfsioid,Ralfsioid,Algae,sessile,
Bryozoan,Bryozoan,Bryozoan,Bryozoan,Bryozoan,Animal,sessile,
Calliarthron tuberculosum,Calliarthron tuberculosum,Calliarthron tuberculosum,Calliarthron tuberculosum,Calliarthron tuberculosum,Algae,sessile,
Calliostoma,Calliostoma,Calliostoma,Calliostoma,Calliostoma,Animal,motile,
Callithamnion pikeanum,Callithamnion pikeanum,Callithamnion pikeanum,Callithamnion pikeanum,Callithamnion pikeanum,Algae,sessile,
Callophyllis sp.,Callophyllis sp.,Callophyllis sp.,Callophyllis sp.,Callophyllis sp.,Algae,sessile,
Ceramium codicola,Ceramium codicola,Ceramium codicola,Ceramium codicola,Ceramium codicola,Algae,sessile,
Ceramium pacificum,Ceramium pacificum,Ceramium pacificum,Ceramium pacificum,Ceramium pacificum,Algae,sessile,
Chaetomorpha cannabina,Chaetomorpha cannabina,Chaetomorpha cannabina,Chaetomorpha cannabina,Chaetomorpha cannabina,Algae,sessile,
Chiharaea bodegensis,Chiharaea bodegensis,Chiharaea bodegensis,Chiharaea bodegensis,Chiharaea bodegensis,Algae,sessile,
Chiharaea rhododactyla,Chiharaea rhododactyla,Chiharaea rhododactyla,Chiharaea rhododactyla,Chiharaea rhododactyla,Algae,sessile,
Chiharaea silvae,Chiharaea silvae,Chiharaea silvae,Chiharaea silvae,Chiharaea silvae,Algae,sessile,
Chiton,Chiton,Chiton,Chiton,Chiton,Animal,motile,
Chlorostoma sp.,Chlorostoma sp.,Chlorostoma sp.,Chlorostoma sp.,Chlorostoma sp.,Animal,motile,
Chthamalus dalli,Chthamalus dalli,Barnacles,Barnacles,Barnacles,Animal,sessile,
Cladophora columbiana,Cladophora columbiana,Cladophora columbiana,Cladophora columbiana,Cladophora columbiana,Algae,sessile,
Cladophora sericea,Cladophora sericea,Cladophora sericea,Cladophora sericea,Cladophora sericea,Algae,sessile,
Cladophora stimpsonii,Cladophora stimpsonii,Cladophora stimpsonii,Cladophora stimpsonii,Cladophora stimpsonii,Algae,sessile,
Clam,Clam,Clam,Clam,Clam,Animal,motile,
Clam hole,Clam hole,Clam hole,Clam hole,Clam hole,Animal,motile,
Clam shell,Clam shell,Clam shell,Clam shell,Clam shell,Substratum,NA,
Codium fragile,Codium fragile,Codium fragile,Codium fragile,Codium fragile,Algae,sessile,
Codium setchellii,Codium setchellii,Codium setchellii,Codium setchellii,Codium setchellii,Algae,sessile,
Collinsiella tuberculata,Collinsiella tuberculata,Collinsiella tuberculata,Collinsiella tuberculata,Collinsiella tuberculata,Algae,sessile,
Colonial Diatoms,Colonial Diatoms,Colonial Diatoms,Colonial Diatoms,Colonial Diatoms,Algae,sessile,
Colpomenia bullosa,Colpomenia bullosa,Colpomenia bullosa,Colpomenia bullosa,Colpomenia bullosa,Algae,sessile,
Colpomenia peregrina,Colpomenia peregrina,Colpomenia peregrina,Colpomenia peregrina,Colpomenia peregrina,Algae,sessile,
Constantinea subulifera,Constantinea subulifera,Constantinea subulifera,Constantinea subulifera,Constantinea subulifera,Algae,sessile,
Corallina arbuscula,Corallina arbuscula,Corallina,Corallina,Corallina,Algae,sessile,
Corallina frondescens,Corallina frondescens,Corallina,Corallina,Corallina,Algae,sessile,
Corallina officinalis,Corallina officinalis,Corallina,Corallina,Corallina,Algae,sessile,
Corallina sp.,Corallina sp.,Corallina,Corallina,Corallina,Algae,sessile,
Corallina sp.1 frondescens,Corallina sp.1 frondescens,Corallina,Corallina,Corallina,Algae,sessile,
Corallina sp.2 frondescens,Corallina sp.2 frondescens,Corallina,Corallina,Corallina,Algae,sessile,
Corallina vancouveriensis,Corallina vancouveriensis,Corallina,Corallina,Corallina,Algae,sessile,
Coralline crust,Coralline crust,Unknown CCA,Unknown CCA,coralline crust,Algae,sessile,taxon_lumped3 to coralline crust 20200421 by Matt Whalen
Costaria costata,Costaria costata,Costaria costata,Costaria costata,Costaria costata,Algae,sessile,
Cottoidea,Cottoidea,Cottoidea,Cottoidea,Cottoidea,Animal,motile,
Crab,Crab,Crab,Crab,Crab,Animal,motile,
Crusticorallina muricata,Crusticorallina muricata,Crusticorallina muricata,Crusticorallina muricata,coralline crust,Algae,sessile,taxon_lumped3 to coralline crust 20200421 by Matt Whalen
Cryptochiton,Cryptochiton,Cryptochiton,Cryptochiton,Cryptochiton,Animal,motile,
Cryptosiphonia woodii,Cryptosiphonia woodii,Cryptosiphonia woodii,Cryptosiphonia woodii,Cryptosiphonia woodii,Algae,sessile,
Cucumaria miniata,Cucumaria miniata,Cucumaria miniata,Cucumaria miniata,Cucumaria miniata,Animal,motile,
Cumathamnion decipiens,Cumathamnion decipiens,Cumathamnion decipiens,Cumathamnion decipiens,Cumathamnion decipiens,Algae,sessile,
Dermasterias,Dermasterias,Dermasterias,Dermasterias,Dermasterias,Animal,motile,
Desmarestia aculeata,Desmarestia aculeata,Desmarestia aculeata,Desmarestia aculeata,Desmarestia aculeata,Algae,sessile,
Desmarestia ligulata,Desmarestia ligulata,Desmarestia ligulata,Desmarestia ligulata,Desmarestia ligulata,Algae,sessile,
Dictyosiphon foeniculaceus,Dictyosiphon foeniculaceus,Dictyosiphon foeniculaceus,Dictyosiphon foeniculaceus,Dictyosiphon foeniculaceus,Algae,sessile,
Dilsea californica,Dilsea californica,Dilsea californica,Dilsea californica,Dilsea californica,Algae,sessile,
Ectocarpus commensalis,Ectocarpus commensalis,Ectocarpus commensalis,Ectocarpus commensalis,Ectocarpus commensalis,Algae,sessile,
Ectocarpus siliculosus,Ectocarpus siliculosus,Ectocarpus siliculosus,Ectocarpus siliculosus,Ectocarpus siliculosus,Algae,sessile,
Ectocarpus sp.,Ectocarpus sp.,Ectocarpus sp.,Ectocarpus sp.,Ectocarpus sp.,Algae,sessile,
Egregia menziesii,Egregia menziesii,Egregia menziesii,Egregia menziesii,Egregia menziesii,Algae,sessile,
Elachista fucicola,Elachista fucicola,Elachista fucicola,Elachista fucicola,Elachista fucicola,Algae,sessile,
Endocladia muricata,Endocladia muricata,Endocladia muricata,Endocladia muricata,Endocladia muricata,Algae,sessile,
Erythrotrichia carnea,Erythrotrichia carnea,Erythrotrichia carnea,Erythrotrichia carnea,Erythrotrichia carnea,Algae,sessile,
Farlowia mollis,Farlowia mollis,Farlowia mollis,Farlowia mollis,Farlowia mollis,Algae,sessile,
Fauchea sp.,Fauchea sp.,Fauchea sp.,Fauchea sp.,Fauchea sp.,Algae,sessile,
Feather duster worm,Feather duster worm,Feather duster worm,Tube worms,Tube worms,Animal,sessile,
Feldmannia irregularis,Feldmannia irregularis,Feldmannia irregularis,Feldmannia irregularis,Feldmannia irregularis,Algae,sessile,
Fish,Fish,Fish,Fish,Fish,Animal,motile,
Flustralidra,Flustralidra,Flustralidra,Flustralidra,Flustralidra,Animal,sessile,
Frederikia sp.,Frederikia sp.,Frederikia sp.,Frederikia sp.,Frederikia sp.,Algae,sessile,
Fucus distichus,Fucus distichus,Fucus distichus,Fucus distichus,Fucus distichus,Algae,sessile,
Gammaridae,Gammaridae,Gammaridae,Gammaridae,Gammaridae,Animal,motile,
Gelidium sp.,Gelidium sp.,Gelidium sp.,Gelidium sp.,Gelidium sp.,Algae,sessile,
Gloiopeltis furcata,Gloiopeltis furcata,Gloiopeltis furcata,Gloiopeltis furcata,Gloiopeltis furcata,Algae,sessile,
Gobiesox,Gobiesox,Gobiesox,Gobiesox,Gobiesox,Animal,motile,
Gracilaria pacifica,Gracilaria pacifica,Gracilaria pacifica,Gracilaria pacifica,Gracilaria pacifica,Algae,sessile,
Halichondria,Halichondria,Halichondria,Halichondria,Halichondria,Animal,sessile,
Halichondria panicea,Halichondria panicea,Halichondria,Halichondria,Halichondria,Animal,sessile,
Haliclona,Haliclona,Haliclona,Haliclona,Haliclona,Animal,sessile,
Halosaccion glandiforme,Halosaccion glandiforme,Halosaccion glandiforme,Halosaccion glandiforme,Halosaccion glandiforme,Algae,sessile,
Haplogaster sp.,Haplogaster sp.,Haplogaster sp.,Haplogaster sp.,Haplogaster sp.,Animal,motile,
Hemigrapsis sp.,Hemigrapsis sp.,Hemigrapsis sp.,Hemigrapsis sp.,Hemigrapsis sp.,Animal,motile,
Henricia,Henricia,Henricia,Henricia,Henricia,Animal,motile,
Herposiphonia plumula,Herposiphonia plumula,Herposiphonia plumula,Herposiphonia plumula,Herposiphonia plumula,Algae,sessile,
Hildenbrandia occidentalis,Hildenbrandia occidentalis,Hildenbrandia,Hildenbrandia,Hildenbrandia,Algae,sessile,
Hildenbrandia rubra,Hildenbrandia rubra,Hildenbrandia,Hildenbrandia,Hildenbrandia,Algae,sessile,
Hildenbrandia sp.,Hildenbrandia sp.,Hildenbrandia,Hildenbrandia,Hildenbrandia,Algae,sessile,
Hollenbergia subulata,Hollenbergia subulata,Hollenbergia subulata,Hollenbergia subulata,Hollenbergia subulata,Algae,sessile,
Hydroid,Hydroid,Hydroid,Hydroid,Hydroid,Animal,sessile,
Hymenena setchellii,Hymenena setchellii,Hymenena,Hymenena,Hymenena,Algae,sessile,
Hymenena sp.,Hymenena sp.,Hymenena,Hymenena,Hymenena,Algae,sessile,
Isopoda,Isopoda,Isopoda,Isopoda,Isopoda,Animal,motile,
Jingle,Jingle,Jingle,Jingle,Jingle,Animal,sessile,
Johansenia macmillanii,Johansenia macmillanii,Johansenia macmillanii,Johansenia macmillanii,Johansenia macmillanii,Algae,sessile,
Katharina tunicata,Katharina tunicata,Katharina tunicata,Katharina tunicata,Katharina tunicata,Animal,motile,
Kornmannia leptoderma,Kornmannia leptoderma,Kornmannia leptoderma,Kornmannia leptoderma,Kornmannia leptoderma,Algae,sessile,
Lacuna sp.,Lacuna sp.,Lacuna sp.,Lacuna sp.,Lacuna sp.,Animal,motile,
Laminaria setchellii,Laminaria setchellii,Laminaria setchellii,Laminaria setchellii,Laminaria setchellii,Algae,sessile,
Laminaria yezoensis,Laminaria yezoensis,Laminaria yezoensis,Laminaria yezoensis,Laminaria yezoensis,Algae,sessile,
Leathesia marina,Leathesia marina,Leathesia marina,Leathesia marina,Leathesia marina,Algae,sessile,
Leptasterias sp.,Leptasterias sp.,Leptasterias sp.,Leptasterias sp.,Leptasterias sp.,Animal,motile,
Leptofauchea sp.,Leptofauchea sp.,Leptofauchea sp.,Leptofauchea sp.,Leptofauchea sp.,Algae,sessile,
Ligia sp.,Ligia sp.,Ligia sp.,Ligia sp.,Ligia sp.,Animal,motile,
Limpet,Limpet,Limpet,Limpet,Limpet,Animal,motile,
Lithophyllum impressum,Lithophyllum impressum,Lithophyllum,Lithophyllum,coralline crust,Algae,sessile,taxon_lumped3 to coralline crust 20200421 by Matt Whalen
Lithophyllum sp.,Lithophyllum sp.,Lithophyllum,Lithophyllum,coralline crust,Algae,sessile,taxon_lumped3 to coralline crust 20200421 by Matt Whalen
Lithophyllum sp. 1,Lithophyllum sp. 1,Lithophyllum,Lithophyllum,coralline crust,Algae,sessile,taxon_lumped3 to coralline crust 20200421 by Matt Whalen
Lithophyllum sp. 2,Lithophyllum sp. 2,Lithophyllum,Lithophyllum,coralline crust,Algae,sessile,taxon_lumped3 to coralline crust 20200421 by Matt Whalen
Lithophyllum sp. 8,Lithophyllum sp. 8,Lithophyllum,Lithophyllum,coralline crust,Algae,sessile,taxon_lumped3 to coralline crust 20200421 by Matt Whalen
Lithothamnion glaciale,Lithothamnion glaciale,Lithothamnion glaciale,Lithothamnion glaciale,Lithothamnion glaciale,Algae,sessile,
Lithothamnion phymatodeum,Lithothamnion phymatodeum,Lithothamnion phymatodeum,Lithothamnion phymatodeum,Lithothamnion phymatodeum,Algae,sessile,
Littorina scutulata,Littorina scutulata,Littorina scutulata,Littorina scutulata,Littorina scutulata,Animal,motile,
Littorina sp.,Littorina sp.,Littorina sp.,Littorina sp.,Littorina sp.,Animal,motile,
Lomentaria hakodatensis,Lomentaria hakodatensis,Lomentaria hakodatensis,Lomentaria hakodatensis,Lomentaria hakodatensis,Algae,sessile,
Lophopanopeus bellus,Lophopanopeus bellus,Lophopanopeus bellus,Lophopanopeus bellus,Lophopanopeus bellus,Animal,motile,
Lottia sp.,Lottia sp.,Lottia sp.,Lottia sp.,Lottia sp.,Animal,motile,
Macrocystis pyrifera,Macrocystis pyrifera,Macrocystis pyrifera,Macrocystis pyrifera,Macrocystis pyrifera,Algae,sessile,
Mastocarpus agardhii,Mastocarpus agardhii,Mastocarpus agardhii,Mastocarpus,Mastocarpus,Algae,sessile,"M. agardhii is distinct from others, but we will have to do something with these!!"
Mastocarpus alaskensis,Mastocarpus alaskensis,Mastocarpus alaskensis,Mastocarpus,Mastocarpus,Algae,sessile,REVISIT
Mastocarpus intermedius,Mastocarpus intermedius,Mastocarpus intermedius,Mastocarpus,Mastocarpus,Algae,sessile,REVISIT
Mastocarpus latissimus,Mastocarpus latissimus,Mastocarpus latissimus,Mastocarpus,Mastocarpus,Algae,sessile,REVISIT
Mastocarpus pachenicus,Mastocarpus pachenicus,Mastocarpus pachenicus,Mastocarpus,Mastocarpus,Algae,sessile,REVISIT
Mastocarpus rigidus,Mastocarpus rigidus,Mastocarpus rigidus,Mastocarpus,Mastocarpus,Algae,sessile,REVISIT
Mastocarpus sp,Mastocarpus sp,Mastocarpus sp,Mastocarpus,Mastocarpus,Algae,sessile,REVISIT
Mazzaella oregona,Mazzaella oregona,Mazzaella oregona,Mazzaella oregona,Mazzaella oregona,Algae,sessile,
Mazzaella parksii,Mazzaella parksii,Mazzaella parksii,Mazzaella parksii,Mazzaella parksii,Algae,sessile,
Mazzaella parvula,Mazzaella parvula,Mazzaella parvula,Mazzaella parvula,Mazzaella parvula,Algae,sessile,
Mazzaella rigidus,Mazzaella rigidus,Mazzaella rigidus,Mazzaella rigidus,Mazzaella rigidus,Algae,sessile,
Mazzaella splendens,Mazzaella splendens,Mazzaella splendens,Mazzaella splendens,Mazzaella splendens,Algae,sessile,
Melanosiphon intestinalis,Melanosiphon intestinalis,Melanosiphon intestinalis,Melanosiphon intestinalis,Melanosiphon intestinalis,Algae,sessile,
Melobesia sp.,Melobesia sp.,Melobesia sp.,Melobesia sp.,Melobesia sp.,Algae,sessile,
Mesocentrotus franciscanus,Mesocentrotus franciscanus,Mesocentrotus franciscanus,Mesocentrotus franciscanus,Mesocentrotus franciscanus,Animal,motile,
Mesophyllum vancouveriense,Mesophyllum vancouveriense,Mesophyllum vancouveriense,Mesophyllum vancouveriense,Mesophyllum vancouveriense,Algae,sessile,
Microcladia borealis,Microcladia borealis,Microcladia borealis,Microcladia borealis,Microcladia borealis,Algae,sessile,
Monostroma grevillei,Monostroma grevillei,Monostroma grevillei,Monostroma grevillei,Monostroma grevillei,Algae,sessile,
Mopalia sp.,Mopalia sp.,Mopalia sp.,Mopalia sp.,Mopalia sp.,Animal,motile,
Mysid,Mysid,Mysid,Mysid,Mysid,Animal,motile,
Mytilus sp.,Mytilus sp.,Mytilus sp.,Mytilus sp.,Mytilus sp.,Animal,sessile,
Mytilus trossulus,Mytilus trossulus,Mytilus trossulus,Mytilus sp.,Mytilus sp.,Animal,sessile,
Nemalion helminthoides,Nemalion helminthoides,Nemalion helminthoides,Nemalion helminthoides,Nemalion helminthoides,Algae,sessile,
Nemertea,Nemertea,Nemertea,Nemertea,Nemertea,Animal,motile,
Neoagarum fimbriatum,Neoagarum fimbriatum,Neoagarum fimbriatum,Neoagarum fimbriatum,Neoagarum fimbriatum,Algae,sessile,
Neodilsea borealis,Neodilsea borealis,Neodilsea borealis,Neodilsea borealis,Neodilsea borealis,Algae,sessile,
Neogastroclonium subarticulatum,Neogastroclonium subarticulatum,Neogastroclonium subarticulatum,Neogastroclonium subarticulatum,Neogastroclonium subarticulatum,Algae,sessile,
Neopolyporolithon reclinatum,Neopolyporolithon reclinatum,Neopolyporolithon reclinatum,Neopolyporolithon reclinatum,Neopolyporolithon reclinatum,Algae,sessile,
Neorhodomela aculeata,Neorhodomela aculeata,Neorhodomela aculeata,Neorhodomela aculeata,Neorhodomela aculeata,Algae,sessile,
Neorhodomela larix,Neorhodomela larix,Neorhodomela larix,Neorhodomela larix,Neorhodomela larix,Algae,sessile,
Neorhodomela oregona,Neorhodomela oregona,Neorhodomela oregona,Neorhodomela oregona,Neorhodomela oregona,Algae,sessile,
Nereid,Nereid,Nereid,Nereid,Nereid,Animal,motile,
Nereocystis luetkeana,Nereocystis luetkeana,Nereocystis luetkeana,Nereocystis luetkeana,Nereocystis luetkeana,Algae,sessile,
Nucella lamellosa,Nucella lamellosa,Nucella,Nucella,Nucella,Animal,motile,
Nucella sp.,Nucella sp.,Nucella,Nucella,Nucella,Animal,motile,
Nudipleura,Nudipleura,Nudipleura,Nudipleura,Nudipleura,Animal,motile,
Odonthalia floccosa,Odonthalia floccosa,Odonthalia floccosa,Odonthalia floccosa,Odonthalia floccosa,Algae,sessile,These are distinct
Odonthalia floccosa f. comosa,Odonthalia floccosa f. comosa,Odonthalia floccosa f. comosa,Odonthalia floccosa f. comosa,Odonthalia floccosa f. comosa,Algae,sessile,These are distinct
Onchidella borealis,Onchidella borealis,Onchidella,Onchidella,Onchidella,Animal,motile,
Onchidella sp.,Onchidella sp.,Onchidella,Onchidella,Onchidella,Animal,motile,
Opuntiella californica,Opuntiella californica,Opuntiella californica,Opuntiella californica,Opuntiella californica,Algae,sessile,
Osmundea spectabilis,Osmundea spectabilis,Osmundea spectabilis,Osmundea spectabilis,Osmundea spectabilis,Algae,sessile,
Pagarus sp.,Pagarus sp.,Pagarus sp.,Pagarus sp.,Pagarus sp.,Animal,motile,
Palmaria hecatensis,Palmaria hecatensis,Palmaria hecatensis,Palmaria hecatensis,Palmaria hecatensis,Algae,sessile,
Palmaria mollis,Palmaria mollis,Palmaria mollis,Palmaria mollis,Palmaria mollis,Algae,sessile,
Pentidotea sp.,Pentidotea sp.,Pentidotea sp.,Pentidotea sp.,Pentidotea sp.,Animal,motile,
Petalonia fascia,Petalonia fascia,Petalonia fascia,Petalonia fascia,Petalonia fascia,Algae,sessile,
Petrocelis,Petrocelis,Petrocelis,Petrocelis,Petrocelis,Algae,sessile,
Peyssonnelia sp.,Peyssonnelia sp.,Peyssonnelia sp.,Peyssonnelia sp.,Peyssonnelia sp.,Algae,sessile,
Pholidae,Pholidae,Pholidae,Pholidae,Pholidae,Animal,motile,
Phycodrys sp.,Phycodrys sp.,Phycodrys sp.,Phycodrys sp.,Phycodrys sp.,Algae,sessile,
Phyllospadix scouleri,Phyllospadix scouleri,Phyllospadix sp.,Phyllospadix sp.,Phyllospadix sp.,Algae,sessile,
Phyllospadix serrulatus,Phyllospadix serrulatus,Phyllospadix sp.,Phyllospadix sp.,Phyllospadix sp.,Algae,sessile,
Phyllospadix sp.,Phyllospadix sp.,Phyllospadix sp.,Phyllospadix sp.,Phyllospadix sp.,Algae,sessile,TRY TO FIGURE OUT FROM LOCATION
Pisaster ochraceus,Pisaster ochraceus,Pisaster ochraceus,Pisaster ochraceus,Pisaster ochraceus,Animal,motile,
Pleonosporium vancouverianum,Pleonosporium vancouverianum,Pleonosporium vancouverianum,Pleonosporium vancouverianum,Pleonosporium vancouverianum,Algae,sessile,
Plocamium pacificum,Plocamium pacificum,Plocamium pacificum,Plocamium pacificum,Plocamium pacificum,Algae,sessile,
Plocamium violaceum,Plocamium violaceum,Plocamium violaceum,Plocamium violaceum,Plocamium violaceum,Algae,sessile,
Pododesmus sp.,Pododesmus sp.,Pododesmus sp.,Pododesmus sp.,Pododesmus sp.,Animal,sessile,
Pollicipes polymerus,Pollicipes polymerus,Pollicipes polymerus,Pollicipes polymerus,Pollicipes polymerus,Animal,sessile,
Polychaete,Polychaete,Polychaete,Polychaete,Polychaete,Animal,motile,
Polyneura latissima,Polyneura latissima,Polyneura latissima,Polyneura latissima,Polyneura latissima,Algae,sessile,
Polysiphonia brodiei,Polysiphonia brodiei,Polysiphonia,Polysiphonia,Polysiphonia,Algae,sessile,Likely need to lump these
Polysiphonia hendryi,Polysiphonia hendryi,Polysiphonia,Polysiphonia,Polysiphonia,Algae,sessile,Likely need to lump these
Polysiphonia hendryi var. gardneri,Polysiphonia hendryi var. gardneri,Polysiphonia,Polysiphonia,Polysiphonia,Algae,sessile,Likely need to lump these
Polysiphonia hendryi var. hendryi,Polysiphonia hendryi var. hendryi,Polysiphonia,Polysiphonia,Polysiphonia,Algae,sessile,Likely need to lump these
Polysiphonia hendryi var. luxuriens,Polysiphonia hendryi var. luxuriens,Polysiphonia,Polysiphonia,Polysiphonia,Algae,sessile,Likely need to lump these
Polysiphonia pacifica,Polysiphonia pacifica,Polysiphonia,Polysiphonia,Polysiphonia,Algae,sessile,Likely need to lump these
Polysiphonia pacifica var delicatula,Polysiphonia pacifica var delicatula,Polysiphonia,Polysiphonia,Polysiphonia,Algae,sessile,Likely need to lump these
Polysiphonia paniculata,Polysiphonia paniculata,Polysiphonia,Polysiphonia,Polysiphonia,Algae,sessile,Likely need to lump these
Polysiphonia sp.,Polysiphonia sp.,Polysiphonia,Polysiphonia,Polysiphonia,Algae,sessile,Likely need to lump these
Porifera,Porifera,Porifera,Tunicata/Porifera,Tunicata/Porifera,Animal,sessile,
Prionitis sp.,Prionitis sp.,Prionitis,Prionitis,Prionitis,Algae,sessile,
Prionitis sternbergii,Prionitis sternbergii,Prionitis,Prionitis,Prionitis,Algae,sessile,specific epithet changed in 2019
Pseudolithophyllum muricatum,Crusticorallina muricata,Crusticorallina muricata,Crusticorallina muricata,coralline crust,Algae,sessile,taxon_revised to Crusticorallina muricata 20200421; taxon_lumped3 to coralline crust 20200421 by Matt Whalen
Pterocladiella caloglossoides,Pterocladiella caloglossoides,Pterocladiella caloglossoides,Pterocladiella caloglossoides,Pterocladiella caloglossoides,Algae,sessile,
Pterosiphonia bipinnata,Savoiea robusta,Savoiea robusta,Savoiea robusta,Savoiea robusta,Algae,sessile,
Pterosiphonia dendroidea,Symphyocladiella dendroidea,Symphyocladiella dendroidea,Symphyocladiella dendroidea,Symphyocladiella dendroidea,Algae,sessile,
Pterosiphonia gracilis,Symphyocladia plumosa,Symphyocladia plumosa,Symphyocladia plumosa,Symphyocladia plumosa,Algae,sessile,changed in 2019
Pterygophora californica,Pterygophora californica,Pterygophora californica,Pterygophora californica,Pterygophora californica,Algae,sessile,
Ptilota filicina,Ptilota filicina,Ptilota,Ptilota,Ptilota,Algae,sessile,
Ptilota sp.,Ptilota sp.,Ptilota,Ptilota,Ptilota,Algae,sessile,
Ptilota tenuis,Ptilota tenuis,Ptilota,Ptilota,Ptilota,Algae,sessile,
Pugetia firma,Pugetia firma,Pugetia firma,Pugetia firma,Pugetia firma,Algae,sessile,
Pugettia producta,Pugettia producta,Pugettia,Pugettia,Pugettia,Animal,motile,
Pugettia sp.,Pugettia sp.,Pugettia,Pugettia,Pugettia,Animal,motile,
Punctaria sp.,Punctaria sp.,Punctaria sp.,Punctaria sp.,Punctaria sp.,Algae,sessile,
Pycnopodia helianthoides,Pycnopodia helianthoides,Pycnopodia helianthoides,Pycnopodia helianthoides,Pycnopodia helianthoides,Animal,motile,
Pylaiella littoralis,Pylaiella littoralis,Pylaiella littoralis,Pylaiella littoralis,Pylaiella littoralis,Algae,sessile,
Pyropia abbottiae,Pyropia abbottiae,Pyropia abbottiae,Pyropia,Pyropia,Algae,sessile,
Pyropia fallax,Pyropia fallax,Pyropia fallax,Pyropia,Pyropia,Algae,sessile,
Pyropia fucicola,Pyropia fucicola,Pyropia fucicola,Pyropia,Pyropia,Algae,sessile,
Pyropia gardneri,Pyropia gardneri,Pyropia gardneri,Pyropia,Pyropia,Algae,sessile,
Pyropia perforata,Pyropia perforata,Pyropia perforata,Pyropia,Pyropia,Algae,sessile,
Pyropia schizophylla,Pyropia schizophylla,Wildmania schizophylla,Pyropia,Pyropia,Algae,sessile,
Pyropia smithii,Pyropia smithii,Pyropia smithii,Pyropia,Pyropia,Algae,sessile,
Pyropia sp.,Pyropia sp.,Pyropia sp.,Pyropia,Pyropia,Algae,sessile,TRY TO FIGURE OUT FROM LOCATION
Ralfsioid,Ralfsioid,Ralfsioid,Ralfsioid,Ralfsioid,Algae,sessile,
Rhizoclonium tortuosum,Rhizoclonium tortuosum,Rhizoclonium tortuosum,Rhizoclonium tortuosum,Rhizoclonium tortuosum,Algae,sessile,
Rhodochorton purpureum,Rhodochorton purpureum,Rhodochorton purpureum,Rhodochorton purpureum,Rhodochorton purpureum,Algae,sessile,
Rhodymenia sp.,Rhodymenia sp.,Rhodymenia sp.,Rhodymenia sp.,Rhodymenia sp.,Algae,sessile,
Riterella pulchra,Riterella pulchra,Riterella pulchra,Riterella pulchra,Riterella pulchra,Animal,sessile,
Saccharina latissima,Saccharina latissima,Saccharina latissima,Saccharina latissima,Saccharina latissima,Algae,sessile,
Saccharina nigripes,Hedophyllum nigripes,Hedophyllum nigripes,Hedophyllum nigripes,Hedophyllum nigripes,Algae,sessile,changed to Hedophyllum in 2019
Saccharina sessilis,Hedophyllum sessile,Hedophyllum sessile,Hedophyllum sessile,Hedophyllum sessile,Algae,sessile,changed to Hedophyllum in 2019
Salishia firma,Salishia firma,Salishia firma,Salishia firma,Salishia firma,Algae,sessile,
Sand,Sand,Sand,Sand,Sand,Substratum,NA,
Sargassum muticum,Sargassum muticum,Sargassum muticum,Sargassum muticum,Sargassum muticum,Algae,sessile,
Scagelia occidentale,Scagelia occidentale,Scagelia occidentale,Scagelia occidentale,Scagelia occidentale,Algae,sessile,
Schizymenia pacifica,Schizymenia pacifica,Schizymenia pacifica,Schizymenia pacifica,Schizymenia pacifica,Algae,sessile,
Scytosiphon dotyi,Scytosiphon dotyi,Scytosiphon dotyi,Scytosiphon dotyi,Scytosiphon dotyi,Algae,sessile,
Scytosiphon lomentaria,Scytosiphon lomentaria,Scytosiphon lomentaria,Scytosiphon lomentaria,Scytosiphon lomentaria,Algae,sessile,
Sea star,Sea star,Sea star,Sea star,Sea star,Animal,motile,
Semibalanus cariosus,Semibalanus cariosus,Barnacles,Barnacles,Barnacles,Animal,sessile,
Smithora naiadum,Smithora naiadum,Smithora naiadum,Smithora naiadum,Smithora naiadum,Algae,sessile,
Snail,Snail,Snail,Snail,Snail,Animal,motile,
Soranthera ulvoidea,Soranthera ulvoidea,Soranthera ulvoidea,Soranthera ulvoidea,Soranthera ulvoidea,Algae,sessile,
Sparlingia pertusa,Sparlingia pertusa,Sparlingia pertusa,Sparlingia pertusa,Sparlingia pertusa,Algae,sessile,
Sphacelaria rigidula,Sphacelaria rigidula,Sphacelaria rigidula,Sphacelaria rigidula,Sphacelaria rigidula,Algae,sessile,
Spirorbidae,Spirorbidae,Spirorbidae,Tube worms,Tube worms,Animal,sessile,
Spirorbis,Spirorbis,Spirorbis,Tube worms,Tube worms,Animal,sessile,
Spongites tumidum,Chamberlainium tumidum,Chamberlainium tumidum,Chamberlainium tumidum,Chamberlainium tumidum,Algae,sessile,changed to Chamberlainium in 2019
Strongylocentrotus droebachiensis,Strongylocentrotus droebachiensis,Strongylocentrotus droebachiensis,Strongylocentrotus droebachiensis,Strongylocentrotus droebachiensis,Animal,motile,
Strongylocentrotus purpuratus,Strongylocentrotus purpuratus,Strongylocentrotus purpuratus,Strongylocentrotus purpuratus,Strongylocentrotus purpuratus,Animal,motile,
Styela sp.,Styela sp.,Styela sp.,Styela sp.,Styela sp.,Animal,sessile,
Tegula sp.,Tegula sp.,Tegula sp.,Tegula sp.,Tegula sp.,Animal,motile,
Tiffaniella snyderae,Tiffaniella snyderae,Tiffaniella snyderae,Tiffaniella snyderae,Tiffaniella snyderae,Algae,sessile,
Tokidadendron bullatum,Tokidadendron bullatum,Tokidadendron bullatum,Tokidadendron bullatum,Tokidadendron bullatum,Algae,sessile,
Tonicella lineata,Tonicella lineata,Tonicella lineata,Tonicella lineata,Tonicella lineata,Animal,motile,
Tonicella sp.,Tonicella sp.,Tonicella sp.,Tonicella sp.,Tonicella sp.,Animal,motile,
Tube worms,Tube worms,Tube worms,Tube worms,Tube worms,Animal,sessile,
Tunicata,Tunicata,Tunicata,Tunicata/Porifera,Tunicata/Porifera,Animal,sessile,
Tunicata/Porifera,Tunicata/Porifera,Tunicata/Porifera,Tunicata/Porifera,Tunicata/Porifera,Animal,sessile,
Ulothrix-Urospora sp.,Ulothrix-Urospora sp.,Ulothrix-Urospora sp.,Ulothrix-Urospora sp.,Ulothrix-Urospora sp.,Algae,sessile,
Ulva intestinalis,Ulva intestinalis,Ulva intestinalis,Ulva,Ulva,Algae,sessile,
Ulva lactuca,Ulva fenestrata,Ulva fenestrata,Ulva,Ulva,Algae,sessile,changed in 2019
Ulva linza,Ulva linza,Ulva linza,Ulva,Ulva,Algae,sessile,
Ulva lobata,Ulva lobata,Ulva lobata,Ulva,Ulva,Algae,sessile,
Ulva prolifera,Ulva prolifera,Ulva prolifera,Ulva,Ulva,Algae,sessile,
Ulva sp.,Ulva sp.,Ulva lactuca,Ulva,Ulva,Algae,sessile,Try tO FIGURE OUT FROM LOCATION
Unknown crust,Unknown crust,Unknown crust,Unknown crust,Unknown crust,Algae,sessile,
Unknown turf,Unknown turf,Unknown turf,Unknown turf,Unknown turf,Algae,sessile,
Wildmania amplissima,Wildmania amplissima,Wildmania amplissima,Pyropia,Pyropia,Algae,sessile,
Wildmania norrisii,Wildmania norrisii,Wildmania norrisii,Pyropia,Pyropia,Algae,sessile,
Wildmania schizophylla,Wildmania schizophylla,Wildmania schizophylla,Pyropia,Pyropia,Algae,sessile,
Wood,Wood,Wood,Wood,Wood,Substratum,NA,
Worm,Worm,Worm,Worm,Worm,Animal,motile,
Total corallines,Total corallines,Total corallines,Total corallines,Total corallines,Algae,sessile,
Saccharina groenlandica,Hedophyllum nigripes,Hedophyllum nigripes,Hedophyllum nigripes,Hedophyllum nigripes,Algae,sessile,changed to Hedophyllum in 2019
Hedophyllum nigripes,Hedophyllum nigripes,Hedophyllum nigripes,Hedophyllum nigripes,Hedophyllum nigripes,Algae,sessile,added in 2019
Hedophyllum sessile,Hedophyllum sessile,Hedophyllum sessile,Hedophyllum sessile,Hedophyllum sessile,Algae,sessile,added in 2019
Chamberlainium tumidum,Chamberlainium tumidum,Chamberlainium tumidum,Chamberlainium tumidum,Chamberlainium tumidum,Algae,sessile,changed to Chamberlainium in 2019
Ulva expansa,Ulva expansa,Ulva expansa,Ulva,Ulva,Algae,sessile,added in 2019
Prionitis lanceoloata,Prionitis lanceoloata,Prionitis,Prionitis,Prionitis,Algae,sessile,"added in 2019, only now beginning to distinguish from P. sternbergii, so lump for now"
Symphyocladia plumosa,Symphyocladia plumosa,Symphyocladia plumosa,Symphyocladia plumosa,Symphyocladia plumosa,Algae,sessile,added in 2019
Savoiea robusta,Savoiea robusta,Savoiea robusta,Savoiea robusta,Savoiea robusta,Algae,sessile,added in 2019
Polyostea robusta,Savoiea robusta,Savoiea robusta,Savoiea robusta,Savoiea robusta,Algae,sessile,added in 2019
Bossiella mayae/exarticulata,Bossiella mayae/exarticulata,Bossiella,Bossiella,Bossiella,Algae,sessile,
Ulva fenestrata,Ulva fenestrata,Ulva fenestrata,Ulva,Ulva,Algae,sessile,resurrected in 2019
Derbesia marina,Derbesia marina,Derbesia marina,Derbesia marina,Derbesia marina,Algae,sessile,added in 2019
Symphyocladiella dendroidea,Symphyocladiella dendroidea,Symphyocladiella dendroidea,Symphyocladiella dendroidea,Symphyocladiella dendroidea,Algae,sessile,name changed in 2019
Phyllospadix torreyi,Phyllospadix torreyi,Phyllospadix sp.,Phyllospadix sp.,Phyllospadix sp.,Algae,sessile,
Eugomontia sacculata,Eugomontia sacculata,Eugomontia sacculata,Eugomontia sacculata,Eugomontia sacculata,Algae,sessile,
Dictyosiphon sinicola ,Dictyosiphon sinicola ,Dictyosiphon sinicola ,Dictyosiphon sinicola ,Dictyosiphon sinicola ,Algae,sessile,
Callithamnion biseriatum,Callithamnion biseriatum,Callithamnion biseriatum,Callithamnion biseriatum,Callithamnion biseriatum,Algae,sessile,
Mastocarpus jardinii,Mastocarpus jardinii,Mastocarpus jardinii,Mastocarpus jardinii,Mastocarpus jardinii,Algae,sessile,
Ulothrix palusalsa,Ulothrix palusalsa,Ulothrix palusalsa,Ulothrix palusalsa,Ulothrix palusalsa,Algae,sessile,
Shrimp,Shrimp,Shrimp,Shrimp,Shrimp,Animal,motile,
Ceratostoma,Ceratostoma,Ceratostoma,Ceratostoma,Ceratostoma,Animal,motile,
Unknown red blade,Unknown red blade,Unknown red blade,Unknown red blade,Unknown red blade,Algae,sessile,
Dactylosiphon bullosus,Dactylosiphon bullosus,Dactylosiphon bullosus,Dactylosiphon bullosus,Dactylosiphon bullosus,Algae,sessile,
Desmarestia herbacea,Desmarestia herbacea,Desmarestia herbacea,Desmarestia herbacea,Desmarestia herbacea,Algae,sessile,
articulated coralline,articulated coralline,articulated coralline,articulated coralline,articulated coralline,Algae,sessile,
coralline crust,coralline crust,coralline crust,coralline crust,coralline crust,Algae,sessile,
